code_damir;code;libelle;source
PRS_NAT;0;SANS OBJET;SNDS IR_NAT_V
PRS_NAT;1022;PACTE CONSULTATION SOLIDAIRE;SNDS IR_NAT_V
PRS_NAT;1024;ACCOMP INSUFFISANCE CARDIAQUE;SNDS IR_NAT_V
PRS_NAT;1025;CONSULTATION SORTIE HOSPI;SNDS IR_NAT_V
PRS_NAT;1026;CONSULT DEPRESCRIPT HYPERPOLYMED;SNDS IR_NAT_V
PRS_NAT;1027;CONSULTATION LONGUE ORIENTATION;SNDS IR_NAT_V
PRS_NAT;1028;REMU FORFAIT SOBRIETE;SNDS IR_NAT_V
PRS_NAT;1029;FMT CONV 2024 PREV;SNDS IR_NAT_V
PRS_NAT;1030;MISSIONS SPECIFIQUES;SNDS IR_NAT_V
PRS_NAT;1031;VACCINATION;SNDS IR_NAT_V
PRS_NAT;1032;PREP SUIVI;SNDS IR_NAT_V
PRS_NAT;1033;PREP INITIATION;SNDS IR_NAT_V
PRS_NAT;1034;TRAITEMENT;SNDS IR_NAT_V
PRS_NAT;1035;DEPISTAGE;SNDS IR_NAT_V
PRS_NAT;1036;INTERESSEMENT IPP/OAM;SNDS IR_NAT_V
PRS_NAT;1037;CONSULTATION RECOURS PEDIATRE;SNDS IR_NAT_V
PRS_NAT;1038;EXAMEN OBLIGATOIRE ENFANT 0-6 ANS;SNDS IR_NAT_V
PRS_NAT;1039;TELECONSULTATION PEDIATRE 2-6 ANS;SNDS IR_NAT_V
PRS_NAT;1040;TELECONSULTATION PEDIATRE 0-2 ANS;SNDS IR_NAT_V
PRS_NAT;1041;CONSULT. PSYCHIATRE NEUROLOGUE;SNDS IR_NAT_V
PRS_NAT;1042;CONSULTATION PEDIATRE 0-2 ANS;SNDS IR_NAT_V
PRS_NAT;1043;CONSULTATION PEDIATRE 2-6 ANS;SNDS IR_NAT_V
PRS_NAT;1044;CONSULTATION PEDIATRE 6 ANS ET +;SNDS IR_NAT_V
PRS_NAT;1045;EXAM PARENTAL GROSSESSE CO-PARENT;SNDS IR_NAT_V
PRS_NAT;1046;TELECONSULTATION SPECIALISTE;SNDS IR_NAT_V
PRS_NAT;1047;CONSULTATION PSYCHIATRE RAPIDE SUITE ORIENTATION SAS OU MTT;SNDS IR_NAT_V
PRS_NAT;1048;CONSULTATION INIT MT ALD;SNDS IR_NAT_V
PRS_NAT;1049;SUPPL. PEDIATRIQUE URGENCE 2;SNDS IR_NAT_V
PRS_NAT;1050;FORFAIT CONSULTATION URGENCE 0;SNDS IR_NAT_V
PRS_NAT;1051;SUPPL. PEDIATRIQUE URGENCE 1;SNDS IR_NAT_V
PRS_NAT;1052;REMU BIOSIMILAIRE;SNDS IR_NAT_V
PRS_NAT;1053;FORFAIT VSM;SNDS IR_NAT_V
PRS_NAT;1054;BILAN MRTC;SNDS IR_NAT_V
PRS_NAT;1055;SUIVI MRTC;SNDS IR_NAT_V
PRS_NAT;1056;TELECONSULTATION GENERALISTE IVG;SNDS IR_NAT_V
PRS_NAT;1057;TELECONSULTATION SPECIALISTE IVG;SNDS IR_NAT_V
PRS_NAT;1058;EXAMEN OBLIGATOIRE ENFANT COJ;SNDS IR_NAT_V
PRS_NAT;1059;EXAMEN OBLIGATOIRE ENFANT COK;SNDS IR_NAT_V
PRS_NAT;1060;MAJORATION GYNECO MEDICALE;SNDS IR_NAT_V
PRS_NAT;1061;MAJORATION PSY ENFANT;SNDS IR_NAT_V
PRS_NAT;1062;CDE CONGE PARENTAL;SNDS IR_NAT_V
PRS_NAT;1063;CDE CONGE MALADIE;SNDS IR_NAT_V
PRS_NAT;1064;CDE GARANTIE REVENU 1ERE ANNEE;SNDS IR_NAT_V
PRS_NAT;1065;FORFAIT EFFECTEUR SAS;SNDS IR_NAT_V
PRS_NAT;1066;FORFAIT REGULATEUR SAS;SNDS IR_NAT_V
PRS_NAT;1067;SUPPLEMENT URGENCE CCMU 3;SNDS IR_NAT_V
PRS_NAT;1068;SUPP. AVIS DE SPECIALISTE;SNDS IR_NAT_V
PRS_NAT;1069;SUPP. IMAGERIE EN COUPE;SNDS IR_NAT_V
PRS_NAT;1070;BIO MEDICALE CLASSE AGE 2;SNDS IR_NAT_V
PRS_NAT;1071;BIO MEDICALE CLASSE AGE 3;SNDS IR_NAT_V
PRS_NAT;1072;SUPP. NUIT MEDECIN URGENTISTE;SNDS IR_NAT_V
PRS_NAT;1073;SUPP DIMANCHE/FERIE -URGENTISTE;SNDS IR_NAT_V
PRS_NAT;1074;SUPP NUIT SPE/BIO/IMAGERIE;SNDS IR_NAT_V
PRS_NAT;1075;SUP DIMANCHE/FERIE SPE/BIO/IMAGE;SNDS IR_NAT_V
PRS_NAT;1076;CODE TRACEUR SAS;SNDS IR_NAT_V
PRS_NAT;1077;SUPPLEMENT URGENCE CCMU 2;SNDS IR_NAT_V
PRS_NAT;1078;SUPPLEMENT URGENCE BIOLOGIE;SNDS IR_NAT_V
PRS_NAT;1079;SUPPLEMENT URGENCE IMAGERIE;SNDS IR_NAT_V
PRS_NAT;1080;SUPPLEMENT URGENCE MODE ARRIVEE;SNDS IR_NAT_V
PRS_NAT;1081;FORFAIT CONSULTATION URGENCE 1;SNDS IR_NAT_V
PRS_NAT;1082;FORFAIT CONSULTATION URGENCE 2;SNDS IR_NAT_V
PRS_NAT;1083;FORFAIT CONSULTATION URGENCE 3;SNDS IR_NAT_V
PRS_NAT;1084;FORFAIT CONSULTATION URGENCE 4;SNDS IR_NAT_V
PRS_NAT;1085;CONSULTATION PROTOCOLE COOPERATIF;SNDS IR_NAT_V
PRS_NAT;1086;TELESOINS SF;SNDS IR_NAT_V
PRS_NAT;1087;AIDE ASSISTANT MEDICAL COMPLEMENT;SNDS IR_NAT_V
PRS_NAT;1088;AIDE ASSISTANT MEDICAL;SNDS IR_NAT_V
PRS_NAT;1089;EXAMEN OBLIGATOIRE ENFANT COM;SNDS IR_NAT_V
PRS_NAT;1090;EXAMEN OBLIGATOIRE ENFANT COH;SNDS IR_NAT_V
PRS_NAT;1091;EXAMEN OBLIGATOIRE ENFANT COD;SNDS IR_NAT_V
PRS_NAT;1092;EXAMEN OBLIGATOIRE ENFANT COG;SNDS IR_NAT_V
PRS_NAT;1093;EXAMEN OBLIGATOIRE ENFANT COB;SNDS IR_NAT_V
PRS_NAT;1094;EXAMEN OBLIGATOIRE ENFANT COA;SNDS IR_NAT_V
PRS_NAT;1095;MAJORATION SPECIFIQUE MOINS DE 16 ANS MAYOTTE;SNDS IR_NAT_V
PRS_NAT;1096;TELECONSULTATION MEDECIN TRAITANT AVEC EHPAD;SNDS IR_NAT_V
PRS_NAT;1097;TELE EXPERTISE DOSSIER TRAITANT;SNDS IR_NAT_V
PRS_NAT;1098;CONSULTATION CCMU 3;SNDS IR_NAT_V
PRS_NAT;1099;CONSULTATION CCMU 4 ET 5;SNDS IR_NAT_V
PRS_NAT;1100;PROTOCOLE MURAINE - BILAN VISUEL;SNDS IR_NAT_V
PRS_NAT;1101;AVIS PONCTUEL DE CONSULTANT PUPH;SNDS IR_NAT_V
PRS_NAT;1102;AVIS PONCTUEL DE CONSULTANT PSYCHIATRE;SNDS IR_NAT_V
PRS_NAT;1103;AVIS PONCTUEL DE CONSULTANT;SNDS IR_NAT_V
PRS_NAT;1104;CONSULTATION OBLIGATOIRE ENFANT;SNDS IR_NAT_V
PRS_NAT;1105;CONSULTATION COMPLEXE;SNDS IR_NAT_V
PRS_NAT;1106;MAJORATION CONSULTATION COMPLEXE;SNDS IR_NAT_V
PRS_NAT;1107;CONSULTATION TRES COMPLEXE ENFANT;SNDS IR_NAT_V
PRS_NAT;1108;MAJORATION CONSULTATION TRES COMPLEXE;SNDS IR_NAT_V
PRS_NAT;1109;CONSULTATION SPECIALISTE MEDECINE GENERALE;SNDS IR_NAT_V
PRS_NAT;1110;CONSULTATION MEDECINE GENERALE;SNDS IR_NAT_V
PRS_NAT;1111;CONSULTATION COTEE C;SNDS IR_NAT_V
PRS_NAT;1112;CONSULTATION COTEE CS;SNDS IR_NAT_V
PRS_NAT;1113;CONSULTATION COTEE CNP;SNDS IR_NAT_V
PRS_NAT;1114;CONSULTATION SPECIFIQUE CARDIOLOGIE;SNDS IR_NAT_V
PRS_NAT;1115;CONSULTATION BILAN;SNDS IR_NAT_V
PRS_NAT;1116;MAJORATION FORFAITAIRE TRANSITOIRE;SNDS IR_NAT_V
PRS_NAT;1117;CONSULTATION DES SPECIALISTES COTEE C2;SNDS IR_NAT_V
PRS_NAT;1118;CONSULTATION DES PSYCHIATRES COTEE C2,5;SNDS IR_NAT_V
PRS_NAT;1119;MAJORATION TRANSITOIRE SPECIFIQUE;SNDS IR_NAT_V
PRS_NAT;1120;COMPLEMENT CONSULTATION SPECIALISTE;SNDS IR_NAT_V
PRS_NAT;1121;HONORAIRE DE SURVEILLANCE;SNDS IR_NAT_V
PRS_NAT;1122;EXAMEN SPECIAL (PROTOCOLE);SNDS IR_NAT_V
PRS_NAT;1123;SUITE D EXAMEN DE SANTE;SNDS IR_NAT_V
PRS_NAT;1124;REMUNERATION MEDECIN TRAITANT PAR PATIENT EN ALD;SNDS IR_NAT_V
PRS_NAT;1125;MAJORATION DE COORDINATION DES GENERALISTES;SNDS IR_NAT_V
PRS_NAT;1126;MAJORATION DE COORDINATION SPECIALISTES;SNDS IR_NAT_V
PRS_NAT;1127;MAJORATION DE COORDINATION CARDIOLOGUES;SNDS IR_NAT_V
PRS_NAT;1128;DIFFERENTIEL REFERENT TRAITANT;SNDS IR_NAT_V
PRS_NAT;1129;MAJORATION FORFAITAIRE TRANSITOIRE (POUR LES MOINS DE 16 ANS);SNDS IR_NAT_V
PRS_NAT;1130;FMT2024 SOCLE-PRECARITE;SNDS IR_NAT_V
PRS_NAT;1131;MAJORATION CONSULTATION APPAREILLAGE;SNDS IR_NAT_V
PRS_NAT;1132;MAJORATION CONSULTATION ENDOCRINO;SNDS IR_NAT_V
PRS_NAT;1133;MAJORATION GENERALISTE ENFANT;SNDS IR_NAT_V
PRS_NAT;1134;MAJORATION PREMIERE CONSULTATION FAMILLE;SNDS IR_NAT_V
PRS_NAT;1135;MAJORATION CONSULTATION ANNUELLE FAMILLE;SNDS IR_NAT_V
PRS_NAT;1136;MAJORATION ANNUELLE DE SYNTHESE;SNDS IR_NAT_V
PRS_NAT;1137;MAJORATION NOURRISSON;SNDS IR_NAT_V
PRS_NAT;1138;REMUNERATION ADDITIONNELLE CAPI;SNDS IR_NAT_V
PRS_NAT;1139;REMUNERATION DES ADHERENTS AU CAPI;SNDS IR_NAT_V
PRS_NAT;1140;CONSULTATION SPECIFIQUE DE DEPISTAGE;SNDS IR_NAT_V
PRS_NAT;1141;MAJORATION PEDIATRE ENFANT;SNDS IR_NAT_V
PRS_NAT;1142;REMUNERATION ADHESION SOPHIA (SOINS DE VILLE);SNDS IR_NAT_V
PRS_NAT;1143;REMUNERATION RENOUVELLEMENT SOPHIA (SOINS DE VILLE);SNDS IR_NAT_V
PRS_NAT;1144;REMUNERATION FORFAITAIRE POUR LE SUIVI DES PATIENTS EN POST ALD;SNDS IR_NAT_V
PRS_NAT;1145;REMUNERATION OBJECTIF MEDECIN ET CENTRES DE SANTE;SNDS IR_NAT_V
PRS_NAT;1146;REMUNERATION OBJECTIF MEDECIN COMPLEMENT ET CENTRES DE SANTE;SNDS IR_NAT_V
PRS_NAT;1147;CONTESTATION FORFAIT MEDECIN TRAITANT;SNDS IR_NAT_V
PRS_NAT;1148;REMUNERATION FORFAITAIRE PAR CONSULTATION POUR LE SUIVI DES PERSONNES AGEES;SNDS IR_NAT_V
PRS_NAT;1149;CONTESTATION REMUNERATION SUIVI PERSONNES AGEES;SNDS IR_NAT_V
PRS_NAT;1150;REMUNERATION PRATICIENS TERRITORIAUX DE MEDECINE GENERALE;SNDS IR_NAT_V
PRS_NAT;1152;MAJORATION SUIVI DES ENFANTS GRANDS PREMATURES OU ATTEINTS DE PATHOLOGIE CONGENITALE GRAVE;SNDS IR_NAT_V
PRS_NAT;1153;MAJORATION CONSULTATION POUR INSUFFISANT CARDIAQUE APRES HOSPITALISATION;SNDS IR_NAT_V
PRS_NAT;1154;MAJORATION CONSULTATION SUIVI APRES HOSPITALISATION PATIENTS A FORTE COMORBIDITE;SNDS IR_NAT_V
PRS_NAT;1155;REMU CAS COTISATIONS SOCIALES;SNDS IR_NAT_V
PRS_NAT;1156;CONT. CAS COT.SOC.;SNDS IR_NAT_V
PRS_NAT;1157;Acte de téléconsultation;SNDS IR_NAT_V
PRS_NAT;1158;Acte de télé expertise;SNDS IR_NAT_V
PRS_NAT;1159;renouvellement d'optique;SNDS IR_NAT_V
PRS_NAT;1160;TRACAGE COVID;SNDS IR_NAT_V
PRS_NAT;1161;COMPENSATION DE LA PERTE D'ACTIVITE DES PS;SNDS IR_NAT_V
PRS_NAT;1162;REMUNERATION DES PRATICIENS TERRITORIAUX DE MEDECINE AMBULATOIRE;SNDS IR_NAT_V
PRS_NAT;1163;REMUNERATION DEPISTAGE DU CANCER COLORECTAL;SNDS IR_NAT_V
PRS_NAT;1164;TÉLÉ CONSULTATION - ALD ET / OU EHPAD;SNDS IR_NAT_V
PRS_NAT;1165;TÉLÉ EXPERTISE - ALD ET/OU EHPAD;SNDS IR_NAT_V
PRS_NAT;1166;FORFAIT COMPLÉMENTAIRE TÉLÉ EXPERTISE;SNDS IR_NAT_V
PRS_NAT;1167;VERSEMENT DE PENALITE DE RETARD AMO;SNDS IR_NAT_V
PRS_NAT;1168;CONSULTATION PREVENTION SANTE SEXUELLE;SNDS IR_NAT_V
PRS_NAT;1169;REMUNERATION POUR CERTIFICAT DE DECES;SNDS IR_NAT_V
PRS_NAT;1170;PEC EXCEPTIONNELLE DÉPASSEMENT HONORAIRE;SNDS IR_NAT_V
PRS_NAT;1171;RÉMUNÉRATION MÉDECIN TRAITANT CENTRES DE SANTÉ;SNDS IR_NAT_V
PRS_NAT;1172;TELESURVEILLANCE : PS EFFECTUANT L'ACCOMPAGNEMENT;SNDS IR_NAT_V
PRS_NAT;1173;FORFAIT PATIENTELE MEDECIN TRAITANT;SNDS IR_NAT_V
PRS_NAT;1174;TELESURVEILLANCE : MEDECIN TELESURVEILLANT;SNDS IR_NAT_V
PRS_NAT;1175;PEC EXCEPTIONNELLE DEPASSEMENT HONORAIRE TP;SNDS IR_NAT_V
PRS_NAT;1176;CONTRAT INDIVIDUEL EMBAUCHE - AVANCE;SNDS IR_NAT_V
PRS_NAT;1177;AIDE FINANCIERE MATERNITE PATERNITE ADOPTION;SNDS IR_NAT_V
PRS_NAT;1178;FORFAIT STRUCT. MEDECIN;SNDS IR_NAT_V
PRS_NAT;1179;FORFAIT STRUCT. MEDECIN COMPLEMENT;SNDS IR_NAT_V
PRS_NAT;1180;ROSP MT ENFANT;SNDS IR_NAT_V
PRS_NAT;1181;ROSP MT ENFANT COMPLEMENT;SNDS IR_NAT_V
PRS_NAT;1182;REMUNERATION OPTAM;SNDS IR_NAT_V
PRS_NAT;1183;CONTESTATION OPTAM;SNDS IR_NAT_V
PRS_NAT;1184;CONTRAT INDIVIDUEL EMBAUCHE - SOLDE;SNDS IR_NAT_V
PRS_NAT;1185;MURAINE - PAIEMENT DU BONUS ANNUEL;SNDS IR_NAT_V
PRS_NAT;1186;CONTRAT INDIVIDUEL EMBAUCHE OBJECTIFS COMPLEMENTAIRES;SNDS IR_NAT_V
PRS_NAT;1187;CONTRAT COLLECTIF AIDE INVESTISSEMENT;SNDS IR_NAT_V
PRS_NAT;1188;CONTRAT COLLECTIF ATTEINTE DES OBJECTIFS;SNDS IR_NAT_V
PRS_NAT;1189;CONTRAT DE FORMATION;SNDS IR_NAT_V
PRS_NAT;1190;TELESURVEILLANCE : PRIME VARIABLE;SNDS IR_NAT_V
PRS_NAT;1191;TELECONSULTATION TOUTES SPECIALITES;SNDS IR_NAT_V
PRS_NAT;1192;TELECONSULTATION GENERALISTE;SNDS IR_NAT_V
PRS_NAT;1193;TELE EXPERTISE DE NIVEAU 1;SNDS IR_NAT_V
PRS_NAT;1194;TELE EXPERTISE DE NIVEAU 2;SNDS IR_NAT_V
PRS_NAT;1195;FOND INNOVATION - PAIEMENT;SNDS IR_NAT_V
PRS_NAT;1196;FORFAIT INNOVATION SYSTEME DE SANTE;SNDS IR_NAT_V
PRS_NAT;1197;FORFAIT REQUERANT;SNDS IR_NAT_V
PRS_NAT;1198;FORFAIT REQUERANT COMPLEMENTAIRE;SNDS IR_NAT_V
PRS_NAT;1199;DEMANDE TELEEXPERTISE;SNDS IR_NAT_V
PRS_NAT;1201;TELESURVEILLANCE 1;SNDS IR_NAT_V
PRS_NAT;1202;TELESURVEILLANCE 2;SNDS IR_NAT_V
PRS_NAT;1203;RDV PREVENTION MEDECIN SAGE-FEMME;SNDS IR_NAT_V
PRS_NAT;1204;FOND INNOVATION - GENERALISATION;SNDS IR_NAT_V
PRS_NAT;1205;SEQUENCES INITIALES PCR;SNDS IR_NAT_V
PRS_NAT;1206;SEQUENCES DE SUIVI PCR;SNDS IR_NAT_V
PRS_NAT;1207;SEQUENCES FINALES PCR;SNDS IR_NAT_V
PRS_NAT;1209;VISITE SPECIALISTE MEDECINE GENERALE;SNDS IR_NAT_V
PRS_NAT;1210;VISITE MEDECINE GENERALE;SNDS IR_NAT_V
PRS_NAT;1211;VISITE COTEE V;SNDS IR_NAT_V
PRS_NAT;1212;VISITE COTEE VS;SNDS IR_NAT_V
PRS_NAT;1213;VISITE COTEE VNP;SNDS IR_NAT_V
PRS_NAT;1214;VISITE LONGUE ET COMPLEXE;SNDS IR_NAT_V
PRS_NAT;1215;AVIS PONCTUEL DE CONSULTANT MEDECIN (VISITE);SNDS IR_NAT_V
PRS_NAT;1216;AVIS PONCTUEL DE CONSULTANT PSYCHIATRE (VISITE);SNDS IR_NAT_V
PRS_NAT;1218;VISITE SOINS PALLIATIFS;SNDS IR_NAT_V
PRS_NAT;1221;VISITE D URGENCE;SNDS IR_NAT_V
PRS_NAT;1222;VISITE URGENCE VU/MU;SNDS IR_NAT_V
PRS_NAT;1224;MD (CRITERES MEDICAUX);SNDS IR_NAT_V
PRS_NAT;1225;MDE ( CRITERES ENVIRONNEMENTAUX);SNDS IR_NAT_V
PRS_NAT;1226;MD DE NUIT;SNDS IR_NAT_V
PRS_NAT;1227;MD DE MILIEU NUIT;SNDS IR_NAT_V
PRS_NAT;1228;MD DE DIMANCHE ET JOUR FERIES;SNDS IR_NAT_V
PRS_NAT;1232;MDE DIMANCHE ET JOUR FERIES;Lexique Open DAMIR 2015
PRS_NAT;1311;ACTES EN K CHIRURGICAL;SNDS IR_NAT_V
PRS_NAT;1312;ACTES DE SPECIALITE EN K;SNDS IR_NAT_V
PRS_NAT;1313;ACTES EN K D URGENCE;SNDS IR_NAT_V
PRS_NAT;1314;FORFAIT CHIRURGIE 1;SNDS IR_NAT_V
PRS_NAT;1315;FORFAIT CHIRURGIE 2;SNDS IR_NAT_V
PRS_NAT;1316;ACTES DE DIAGNOSTIC COTES KE;SNDS IR_NAT_V
PRS_NAT;1317;ACTES EN KCC: ACTES SPECIFIQUES DES CHIRURGIENS;SNDS IR_NAT_V
PRS_NAT;1318;ACTE DE PHONIATRIE PAR MEDECIN;SNDS IR_NAT_V
PRS_NAT;1319;MAJORATION FORFAIT ACCOUCHEMENT;SNDS IR_NAT_V
PRS_NAT;1320;FORFAIT RADIOGRAPHIE,ECHOGRAPHIE;SNDS IR_NAT_V
PRS_NAT;1321;ACTE DE CHIRURGIE CCAM;SNDS IR_NAT_V
PRS_NAT;1322;ACTE D'OBSTETRIQUE CCAM;SNDS IR_NAT_V
PRS_NAT;1323;ACTE D'ANESTHESIE CCAM;SNDS IR_NAT_V
PRS_NAT;1324;ACTE D'ECHOGRAPHIE CCAM;SNDS IR_NAT_V
PRS_NAT;1325;ACTE DE CHIRURGIE CD CCAM;SNDS IR_NAT_V
PRS_NAT;1331;ACTES DE RADIOLOGIE;SNDS IR_NAT_V
PRS_NAT;1332;ACTES DE RADIOLOGIE NUCLEAIRE;SNDS IR_NAT_V
PRS_NAT;1333;MAJORATION POUR PRODUIT RADIOPHARMACEUTIQUE;SNDS IR_NAT_V
PRS_NAT;1335;ACTE DE RADIOLOGIE MAMMOGRAPHIE;SNDS IR_NAT_V
PRS_NAT;1336;ACTE DE RADIOLOGIE MAMMOGRAPHIE DEPISTAGE;SNDS IR_NAT_V
PRS_NAT;1341;ACTES D ANATOMO-CYTO-PATHOLOGIE/MEDECINS;SNDS IR_NAT_V
PRS_NAT;1342;MAJORATION ANATOMO-CYTO-PATHOLOGIE;SNDS IR_NAT_V
PRS_NAT;1345;MAJORATION TRANSITOIRE;SNDS IR_NAT_V
PRS_NAT;1351;ACTE D'IMAGERIE (hors ECHOGRAPHIE) CCAM;SNDS IR_NAT_V
PRS_NAT;1352;ACTES TECHNIQUES MEDICAUX (hors IMAGERIE) CCAM;SNDS IR_NAT_V
PRS_NAT;1353;ACTE D'IMAGERIE CD CCAM;SNDS IR_NAT_V
PRS_NAT;1354;ACTE TECHNIQUE MEDICAL CD CCAM;SNDS IR_NAT_V
PRS_NAT;1361;VIDEOCAPSULE;SNDS IR_NAT_V
PRS_NAT;1400;BRIDGE RAC MODERE;SNDS IR_NAT_V
PRS_NAT;1401;PROTHESE FIXE RAC 0;SNDS IR_NAT_V
PRS_NAT;1402;PROTHESE FIXE RAC MODERE;SNDS IR_NAT_V
PRS_NAT;1403;REPARATION FACETTE PROTHESE AMOVIBLE RAC 0;SNDS IR_NAT_V
PRS_NAT;1404;REPARATION ADJONCTION RAC 0;SNDS IR_NAT_V
PRS_NAT;1405;REPARATION PROTHESE ADJOINTE SIMPLE RAC 0;SNDS IR_NAT_V
PRS_NAT;1406;SUPPLEMENT PROTHESE RESINE RAC 0;SNDS IR_NAT_V
PRS_NAT;1407;COURONNE TRANSITOIRE RAC MODERE;SNDS IR_NAT_V
PRS_NAT;1408;COURONNE ZIRCONE RAC MODERE;SNDS IR_NAT_V
PRS_NAT;1409;INLAY CORE RAC MODERE;SNDS IR_NAT_V
PRS_NAT;1410;INLAY ONLAY RAC MOERE;SNDS IR_NAT_V
PRS_NAT;1411;ACTES EN SCM (ET SPA POUR LA CRPCEN);SNDS IR_NAT_V
PRS_NAT;1412;PROTHESE AMOVIBLE RAC MODERE;SNDS IR_NAT_V
PRS_NAT;1413;REPARATION PROTHESE RAC MODERE;SNDS IR_NAT_V
PRS_NAT;1414;SUPPLEMENT PROTHESE METALLIQUE RAC MODERE;SNDS IR_NAT_V
PRS_NAT;1415;PROTHESE FIXE METALLIQUE RAC 0;SNDS IR_NAT_V
PRS_NAT;1416;COURONNE TRANSITOIRE RAC 0;SNDS IR_NAT_V
PRS_NAT;1417;COURONNE ZIRCONE RAC 0;SNDS IR_NAT_V
PRS_NAT;1418;INLAY CORE RAC 0;SNDS IR_NAT_V
PRS_NAT;1419;PROTHESE AMOVIBLE RAC 0;SNDS IR_NAT_V
PRS_NAT;1420;PROTHESE AMOVIBLE DE TRANSITION RAC 0;SNDS IR_NAT_V
PRS_NAT;1421;ACTES DE PROTHESE DENTAIRE PRATIQUES PAR LE MEDECIN;SNDS IR_NAT_V
PRS_NAT;1422;TRAITEMENTS D ORTHODONTIE PRATIQUES PAR LE MEDECIN (ET EOS POUR LA CRPCEN);SNDS IR_NAT_V
PRS_NAT;1423;ACTES DE PROTHESE DENTAIRE PRATIQUES PAR LE CHIRURGIEN-DENTISTE;SNDS IR_NAT_V
PRS_NAT;1424;TRAITEMENTS D ORTHODONTIE PRATIQUES PAR LE CHIRURGIEN-DENTISTE (ET ETO POUR LA CRPCEN);SNDS IR_NAT_V
PRS_NAT;1425;COMPLEMENT AT 150% DENTAIRE;SNDS IR_NAT_V
PRS_NAT;1426;PEC EXCEPTIONNELLE DÉPASSEMENT DENTAIRE;SNDS IR_NAT_V
PRS_NAT;1427;PEC EXCEPTIONNELLE DEPASSEMENT DENTAIRE TP;SNDS IR_NAT_V
PRS_NAT;1431;ACTES EN D (ET OCC POUR LA CRPCEN);SNDS IR_NAT_V
PRS_NAT;1432;ACTES EN DC;SNDS IR_NAT_V
PRS_NAT;1433;ACTES EN SC (ET SCA POUR LA CRPCEN);SNDS IR_NAT_V
PRS_NAT;1434;PREVENTION BUCCO-DENTAIRE: CONSULTATION - MATER;SNDS IR_NAT_V
PRS_NAT;1435;PREVENTION BUCCO-DENTAIRE: RADIO DEUX CLICHES-MATER;SNDS IR_NAT_V
PRS_NAT;1436;PREVENTION BUCCO-DENTAIRE: RADIO QUATRE CLICHES-MATER;SNDS IR_NAT_V
PRS_NAT;1437;Majoration spécifique PDS Clinique Dentiste;SNDS IR_NAT_V
PRS_NAT;1438;BUCCO DENT. CONSULTATION COMPLEXE MATERNITE;SNDS IR_NAT_V
PRS_NAT;1439;BUCCO DENT. CONSULTATION ET RADIO PANORAMIQUE MATERNITE;SNDS IR_NAT_V
PRS_NAT;1440;EXAMEN BUCCO-DENTAIRE SIMPLE;SNDS IR_NAT_V
PRS_NAT;1441;EXAMEN BUCCO-DENTAIRE + 1/2 RADIO;SNDS IR_NAT_V
PRS_NAT;1442;EXAMEN BUCCO-DENTAIRE + 3/4 RADIO;SNDS IR_NAT_V
PRS_NAT;1443;EXAMEN BUCCO-DENTAIRE RADIO PANO;SNDS IR_NAT_V
PRS_NAT;1444;SUPPLEMENT HANDICAP EBD;SNDS IR_NAT_V
PRS_NAT;1451;SOINS DENTAIRES;SNDS IR_NAT_V
PRS_NAT;1452;PROTHESE AMOVIBLE DEFINITIVE RESINE, A partir du 01/04/2019 (en date de soins) PROTHESE AMOVIBLE RESINE TARIF LIBRE;SNDS IR_NAT_V
PRS_NAT;1453;PROPHYLAXIE BUCCO DENTAIRE CCAM;SNDS IR_NAT_V
PRS_NAT;1454;CONSULTATION CD;SNDS IR_NAT_V
PRS_NAT;1455;CONSULTATION SPECIALISTE CD;SNDS IR_NAT_V
PRS_NAT;1456;VISITE CD;SNDS IR_NAT_V
PRS_NAT;1457;VISITE SPECIALISTE CD;SNDS IR_NAT_V
PRS_NAT;1459;INDEMNITE FORFAITAIRE DEPLACEMENT CD;SNDS IR_NAT_V
PRS_NAT;1460;AVIS PONCTUEL DE CONSULTANT CD;SNDS IR_NAT_V
PRS_NAT;1461;ACTES DIVERS PROTHESE DENTAIRE CCAM;SNDS IR_NAT_V
PRS_NAT;1462;PROTHESE FIXE METALLIQUE, A partir du 01/04/2019 (en date de soins) PROTHESE FIXE METALLIQUE TARIF LIBRE;SNDS IR_NAT_V
PRS_NAT;1463;PROTHESE DENTAIRE FIXE ESTHETIQUE CCAM;SNDS IR_NAT_V
PRS_NAT;1464;PROTHESE DENTAIRE AMOVIBLE CCAM;SNDS IR_NAT_V
PRS_NAT;1465;IMPLANTOLOGIE - CCAM;SNDS IR_NAT_V
PRS_NAT;1466;TRAITEMENT ORTHOPEDIE DENTO FACIALE CCAM;SNDS IR_NAT_V
PRS_NAT;1467;CONSULTATION COMPLEXE CD;SNDS IR_NAT_V
PRS_NAT;1468;BILAN DENTAIRE ENTREE ESMS;SNDS IR_NAT_V
PRS_NAT;1470;ENDODONTIE;SNDS IR_NAT_V
PRS_NAT;1471;INLAY-ONLAY, A partir du 01/04/2019 (en date de soins) INLAY-ONLAY TARIF LIBRE;SNDS IR_NAT_V
PRS_NAT;1472;PARODONTOLOGIE;SNDS IR_NAT_V
PRS_NAT;1473;INLAY-CORE, A partir du 01/04/2019 (en date de soins) INLAY-CORE TARIF LIBRE;SNDS IR_NAT_V
PRS_NAT;1474;PROTHESE AMOVIBLE DEFINITIVE METALLIQUE, A partir du 01/04/2019 (en date de soins) PROTHESE AMOVIBLE METALLIQUE TARIF LIBRE;SNDS IR_NAT_V
PRS_NAT;1475;PROTHESE DENTAIRE PROVISOIRE, A partir du 01/04/2019 (en date de soins) COURONNE TRANSITOIRE TARIF LIBRE;SNDS IR_NAT_V
PRS_NAT;1476;PROTHESE FIXE CERAMIQUE, A partir du 01/04/2019 (en date de soins) PROTHESE FIXE CERAMIQUE TARIF LIBRE;SNDS IR_NAT_V
PRS_NAT;1477;REPARATION SUR PROTHESE, A partir du 01/04/2019 (en date de soins) REPARATION PROTHESE TARIF LIBRE;SNDS IR_NAT_V
PRS_NAT;1511;FORFAIT D ACCOUCHEMENT SIMPLE DES SAGES-FEMMES (FORFAIT N91);SNDS IR_NAT_V
PRS_NAT;1512;FORFAIT D ACCOUCHEMENT MULTIPLE DES SAGES-FEMMES (FORFAIT N92);SNDS IR_NAT_V
PRS_NAT;1521;MAJORATION POUR GARDE;SNDS IR_NAT_V
PRS_NAT;1522;MAJORATION ASTREINTE;SNDS IR_NAT_V
PRS_NAT;1523;Permanence Rémunération demi-journée Chirurgien-dentiste;SNDS IR_NAT_V
PRS_NAT;1524;REGULATION TEL CHIRURGIENS DENTISTES;SNDS IR_NAT_V
PRS_NAT;1601;CONTRAT PRATIQUE VERSEMENT UNIQUEMENT;SNDS IR_NAT_V
PRS_NAT;1602;FORFAIT CONTRAT DE BONNES PRATIQUES;SNDS IR_NAT_V
PRS_NAT;1603;FORFAIT CONTRAT DE BONNES PRATIQUES CP1;SNDS IR_NAT_V
PRS_NAT;1604;FORFAIT CONTRAT DE BONNES PRATIQUES CP2;SNDS IR_NAT_V
PRS_NAT;1605;FORFAIT CONTRAT DE BONNES PRATIQUES CP3;SNDS IR_NAT_V
PRS_NAT;1606;FORFAIT CONTRAT DE BONNES PRATIQUES;SNDS IR_NAT_V
PRS_NAT;1607;FORFAIT CONTRAT DE SANTE PUBLIQUE INFIRMIER;SNDS IR_NAT_V
PRS_NAT;1608;FORFAIT CONTRAT DE SANTE PUBLIQUE BIOLOGISTES;SNDS IR_NAT_V
PRS_NAT;1609;CONTRAT DE BONNES PRATIQUES ZONE RURAL;SNDS IR_NAT_V
PRS_NAT;1610;RÉMUNÉRATION CONTRAT D'ACCÈS AUX SOINS DENTAIRES;SNDS IR_NAT_V
PRS_NAT;1611;CONTRAT DE BONNES PRATIQUES ZONE MONTAGNE;SNDS IR_NAT_V
PRS_NAT;1612;CONTRAT DE BONNES PRATIQUES ZONE URBAINE;SNDS IR_NAT_V
PRS_NAT;1613;CONTRAT DE BONNES PRATIQUES ZONE FRANCHE URBAINE;SNDS IR_NAT_V
PRS_NAT;1614;CONTRAT DE BONNES PRATIQUES TRANSPORTEURS 2006;SNDS IR_NAT_V
PRS_NAT;1615;CONTRAT DE BONNES PRATIQUES TRANSPORTEURS 2007;SNDS IR_NAT_V
PRS_NAT;1616;CONTRAT DE BONNES PRATIQUES TRANSPORTEURS 2008;SNDS IR_NAT_V
PRS_NAT;1617;REDEVANCE CHEF DE CLINIQUE;SNDS IR_NAT_V
PRS_NAT;1618;COMPLEMENT DE REMUNERATION CHEF DE CLINIQUE;SNDS IR_NAT_V
PRS_NAT;1619;CONTRAT SANTE SOLIDARITE;SNDS IR_NAT_V
PRS_NAT;1621;CONTRAT D'AMELIORATION DE L'ORGANISATION DES SOINS - TRANSPORTS;SNDS IR_NAT_V
PRS_NAT;1622;CONTRAT D'AMELIORATION DE L'ORGANISATION DES SOINS - PHARMACIE/LPP;SNDS IR_NAT_V
PRS_NAT;1623;REVERSEMENTS CONTRAT D'AMELIORATION DE L'ORGANISATION DES SOINS TRANSPORTS;SNDS IR_NAT_V
PRS_NAT;1624;REVERSEMENTS CONTRAT D'AMELIORATION DE L'ORGANISATION DES SOINS - PHARMACIE / LPP;SNDS IR_NAT_V
PRS_NAT;1625;PENALITES CONTRAT D'AMELIORATION DE L'ORGANISATION DES SOINS - TRANSPORT;SNDS IR_NAT_V
PRS_NAT;1626;PENALITES CONTRAT D'AMELIORATION DE L'ORGANISATION DES SOINS - PHARMACIE / LPP;SNDS IR_NAT_V
PRS_NAT;1627;CONTRAT INCITATIF CHIRURGIEN-DENTISTE;SNDS IR_NAT_V
PRS_NAT;1628;DEMO. AIDE FORFAITAIRE GROUPE;SNDS IR_NAT_V
PRS_NAT;1629;DEMO. AIDE FORFAITAIRE POLE SANTE;SNDS IR_NAT_V
PRS_NAT;1630;DEMO. ACTIVITE GROUPE;SNDS IR_NAT_V
PRS_NAT;1631;DEMO. ACTIVITE POLE SANTE;SNDS IR_NAT_V
PRS_NAT;1632;SST AIDE ACTIVITE;SNDS IR_NAT_V
PRS_NAT;1633;SST FRAIS DEPLACEMENT;SNDS IR_NAT_V
PRS_NAT;1634;CONTESTATION POUR AIDE FORFAITAIRE POUR LES ADHERENTS A L'OPTION DEMOGRAPHIE DANS UN GROUPE;SNDS IR_NAT_V
PRS_NAT;1635;CONTESTATION POUR AIDE FORFAITAIRE POUR LES ADHERENTS A L'OPTION DEMOGRAPHIE DANS UN POLE DE SANTE;SNDS IR_NAT_V
PRS_NAT;1636;CONTESTATION POUR AIDE A L'ACTIVITE POUR LES ADHERENTS A L'OPTION DEMOGRAPHIE DANS UN GROUPE;SNDS IR_NAT_V
PRS_NAT;1637;CONTESTATION POUR AIDE A L'ACTIVITE POUR LES ADHERENTS A L'OPTION DEMOGRAPHIE DANS UN POLE DE SANTE;SNDS IR_NAT_V
PRS_NAT;1638;CONTESTATION POUR AIDE A L'ACTIVITE POUR LES ADHERENTS A L'OPTION SST;SNDS IR_NAT_V
PRS_NAT;1639;CONTESTATION POUR FRAIS DE DEPLACEMENT POUR LES ADHERENTS A L'OPTION SST;SNDS IR_NAT_V
PRS_NAT;1640;FORFAIT AIDE A L'INSTALLATION DU MEDECIN - CAIM;SNDS IR_NAT_V
PRS_NAT;1641;MAJORATION AIDE À L'INSTALLATION DU MEDECIN - CAIM;SNDS IR_NAT_V
PRS_NAT;1642;MAJORATION POUR EXERCICE PARTIEL EN HÔPITAL DE PROXIMITÉ - CAIM;SNDS IR_NAT_V
PRS_NAT;1643;AIDE PONCTUELLE ZIP - CSTM-CA;SNDS IR_NAT_V
PRS_NAT;1644;MAJO REMUNERATION ARS - CSTM;SNDS IR_NAT_V
PRS_NAT;1645;PAIEMENT PRISE EN CHARGE FRAIS DEPLACEMENT - CSTM;SNDS IR_NAT_V
PRS_NAT;1646;AIDE FORFAITAIRE - COSCOM;SNDS IR_NAT_V
PRS_NAT;1647;REMUNERATION COMPLEMENTAIRE ACCUEIL DE STAGIAIRE - COSCOM;SNDS IR_NAT_V
PRS_NAT;1648;REMUNERATION COMPLEMENTAIRE EXERCICE EN HOPITAL - COSCOM;SNDS IR_NAT_V
PRS_NAT;1649;PAIEMENT MAJORATION DE LA REMUNERATION ARS - COSCOM;SNDS IR_NAT_V
PRS_NAT;1650;AIDE A L'ACTIVITE COTRAM;SNDS IR_NAT_V
PRS_NAT;1651;PAIEMENT MAJORATION REMUNERATION ARS COTRAM;SNDS IR_NAT_V
PRS_NAT;1652;PTMR - REMPLACEMENT;SNDS IR_NAT_V
PRS_NAT;1653;PTMR - MALADIE, MATERNITE, PATERNITE;SNDS IR_NAT_V
PRS_NAT;1654;FORFAIT IPA;SNDS IR_NAT_V
PRS_NAT;1701;CDS MEDICAL OPTANT FORF DEBUT;SNDS IR_NAT_V
PRS_NAT;1702;CDS MEDICAL OPTANT FORF FIN;SNDS IR_NAT_V
PRS_NAT;1703;CDS MEDICAL OPTANT FORFTACITE;SNDS IR_NAT_V
PRS_NAT;1704;CDS DENTAIRE OPTANT FORF INITIAL;SNDS IR_NAT_V
PRS_NAT;1705;CDS DENTAIRE OPTANT FORF SUIVI;SNDS IR_NAT_V
PRS_NAT;1706;CDS DENTAIRE OPTANT FORF FINAL;SNDS IR_NAT_V
PRS_NAT;1707;CDS INFIRMIER OPTANT FORF DEBUT;SNDS IR_NAT_V
PRS_NAT;1708;CDS INFIRMIER OPTANT FORF FIN;SNDS IR_NAT_V
PRS_NAT;1711;FORFAIT MEDECIN REFERENT DEBUT DE CONTRAT;SNDS IR_NAT_V
PRS_NAT;1712;FORFAIT MEDECIN REFERENT FIN DE CONTRAT;SNDS IR_NAT_V
PRS_NAT;1715;FORFAIT MENSUEL COORDONNATEUR;SNDS IR_NAT_V
PRS_NAT;1716;FORFAIT MENSUEL PARTICIPATION;SNDS IR_NAT_V
PRS_NAT;1717;FORFAIT MENSUEL SOINS;SNDS IR_NAT_V
PRS_NAT;1718;FORFAIT D'ADHESION ZONE DEFICITAIRE;SNDS IR_NAT_V
PRS_NAT;1721;FORFAIT PROFESSIONNEL (F01) FILIERES ET RESEAUX;SNDS IR_NAT_V
PRS_NAT;1722;FORFAIT PROFESSIONNEL (F02) FILIERES ET RESEAUX;SNDS IR_NAT_V
PRS_NAT;1723;FORFAIT PROFESSIONNEL (F03) FILIERES ET RESEAUX;SNDS IR_NAT_V
PRS_NAT;1724;FORFAIT PROFESSIONNEL (F04) FILIERES ET RESEAUX;SNDS IR_NAT_V
PRS_NAT;1725;FORFAIT PROFESSIONNEL (F05) FILIERES ET RESEAUX;SNDS IR_NAT_V
PRS_NAT;1726;FORFAIT PROFESSIONNEL (F06) FILIERES ET RESEAUX;SNDS IR_NAT_V
PRS_NAT;1727;FORFAIT PROFESSIONNEL (F07) FILIERES ET RESEAUX;SNDS IR_NAT_V
PRS_NAT;1728;FORFAIT PROFESSIONNEL (F08) FILIERES ET RESEAUX;SNDS IR_NAT_V
PRS_NAT;1729;FORFAIT PROFESSIONNEL (F09) FILIERES ET RESEAUX;SNDS IR_NAT_V
PRS_NAT;1731;FORFAIT PROFESSIONNEL (F10) FILIERES ET RESEAUX;SNDS IR_NAT_V
PRS_NAT;1732;FORFAIT PROFESSIONNEL (F11) FILIERES ET RESEAUX;SNDS IR_NAT_V
PRS_NAT;1733;FORFAIT PROFESSIONNEL (F12) FILIERES ET RESEAUX;SNDS IR_NAT_V
PRS_NAT;1734;FORFAIT PROFESSIONNEL (F13) FILIERES ET RESEAUX;SNDS IR_NAT_V
PRS_NAT;1735;FORFAIT PROFESSIONNEL (F14) FILIERES ET RESEAUX;SNDS IR_NAT_V
PRS_NAT;1736;FORFAIT PROFESSIONNEL (F15) FILIERES ET RESEAUX;SNDS IR_NAT_V
PRS_NAT;1741;FORFAIT CONSULTATION (FC0) FILIERES ET RESEAUX;SNDS IR_NAT_V
PRS_NAT;1742;FORFAIT CONSULTATION (FC1) FILIERES ET RESEAUX;SNDS IR_NAT_V
PRS_NAT;1743;FORFAIT CONSULTATION (FC2) FILIERES ET RESEAUX;SNDS IR_NAT_V
PRS_NAT;1744;FORFAIT CONSULTATION (FC3) FILIERES ET RESEAUX;SNDS IR_NAT_V
PRS_NAT;1745;FORFAIT CONSULTATION (FC4) FILIERES ET RESEAUX;SNDS IR_NAT_V
PRS_NAT;1746;FORFAIT CONSULTATION (FC5) FILIERES ET RESEAUX;SNDS IR_NAT_V
PRS_NAT;1747;FORFAIT CONSULTATION (FC6) FILIERES ET RESEAUX;SNDS IR_NAT_V
PRS_NAT;1748;FORFAIT CONSULTATION (FC7) FILIERES ET RESEAUX;SNDS IR_NAT_V
PRS_NAT;1749;FORFAIT CONSULTATION (FC8) FILIERES ET RESEAUX;SNDS IR_NAT_V
PRS_NAT;1751;FORFAIT CONSULTATION (FC9) FILIERES ET RESEAUX;SNDS IR_NAT_V
PRS_NAT;1761;FORFAIT FORMATION (FF0) FILIERES ET RESEAUX;SNDS IR_NAT_V
PRS_NAT;1762;FORFAIT FORMATION (FF1) FILIERES ET RESEAUX;SNDS IR_NAT_V
PRS_NAT;1763;FORFAIT FORMATION (FF2) FILIERES ET RESEAUX;SNDS IR_NAT_V
PRS_NAT;1764;FORFAIT FORMATION (FF3) FILIERES ET RESEAUX;SNDS IR_NAT_V
PRS_NAT;1765;FORFAIT FORMATION (FF4) FILIERES ET RESEAUX;SNDS IR_NAT_V
PRS_NAT;1766;FORFAIT FORMATION (FF5) FILIERES ET RESEAUX;SNDS IR_NAT_V
PRS_NAT;1767;FORFAIT FORMATION (FF6) FILIERES ET RESEAUX;SNDS IR_NAT_V
PRS_NAT;1768;FORFAIT FORMATION (FF7) FILIERES ET RESEAUX;SNDS IR_NAT_V
PRS_NAT;1769;FORFAIT FORMATION (FF8) FILIERES ET RESEAUX;SNDS IR_NAT_V
PRS_NAT;1771;FORFAIT FORMATION (FF9) FILIERES ET RESEAUX;SNDS IR_NAT_V
PRS_NAT;1781;FORFAIT PREVENTION/DEPISTAGE (FP0) FILIERES ET RESEAUX;SNDS IR_NAT_V
PRS_NAT;1782;FORFAIT PREVENTION/DEPISTAGE (FP1) FILIERES ET RESEAUX;SNDS IR_NAT_V
PRS_NAT;1783;FORFAIT PREVENTION/DEPISTAGE (FP2) FILIERES ET RESEAUX;SNDS IR_NAT_V
PRS_NAT;1784;FORFAIT PREVENTION/DEPISTAGE (FP3) FILIERES ET RESEAUX;SNDS IR_NAT_V
PRS_NAT;1785;FORFAIT PREVENTION/DEPISTAGE (FP4) FILIERES ET RESEAUX;SNDS IR_NAT_V
PRS_NAT;1786;FORFAIT PREVENTION/DEPISTAGE (FP5) FILIERES ET RESEAUX;SNDS IR_NAT_V
PRS_NAT;1787;FORFAIT PREVENTION/DEPISTAGE (FP6) FILIERES ET RESEAUX;SNDS IR_NAT_V
PRS_NAT;1788;FORFAIT PREVENTION/DEPISTAGE (FP7) FILIERES ET RESEAUX;SNDS IR_NAT_V
PRS_NAT;1789;FORFAIT PREVENTION/DEPISTAGE (FP8) FILIERES ET RESEAUX;SNDS IR_NAT_V
PRS_NAT;1791;FORFAIT PREVENTION/DEPISTAGE (FP9) FILIERES ET RESEAUX;SNDS IR_NAT_V
PRS_NAT;1811;IK PLAINE;SNDS IR_NAT_V
PRS_NAT;1812;IK MONTAGNE;SNDS IR_NAT_V
PRS_NAT;1813;IK PIED SKI;SNDS IR_NAT_V
PRS_NAT;1814;FRAIS DE DEPLACEMENT VACATION;SNDS IR_NAT_V
PRS_NAT;1821;ID PARIS LYON MARSEILLE, +100.000 HA, -100.000 HA;SNDS IR_NAT_V
PRS_NAT;1841;INDEMNITES FORFAITAIRES DE DEPLACEMENT;SNDS IR_NAT_V
PRS_NAT;1842;INDEMNITES FORFAITAIRES DE DEPLACEMENT DES AUXILIAIRES MEDICAUX ET ASSIMILES;SNDS IR_NAT_V
PRS_NAT;1843;INDEMNITES FORFAITAIRES DE DEPLACEMENT MK ORTHOPEDIQUE ET RHUMATOLOGIQUE;SNDS IR_NAT_V
PRS_NAT;1844;INDEMNITES FORFAITAIRES DE DEPLACEMENT MK RHUMATISMALE;SNDS IR_NAT_V
PRS_NAT;1845;INDEMNITE FORFAITAIRE DEPLACEMENT NEUROLOGIQUE;SNDS IR_NAT_V
PRS_NAT;1846;INDEMNITES FORFAITAIRES DE DEPLACEMENT MK PNEUMOLOGIE;SNDS IR_NAT_V
PRS_NAT;1847;INDEMNITES FORFAITAIRES DE DEPLACEMENT DE SORTIE;SNDS IR_NAT_V
PRS_NAT;1848;INDEMNITES FORFAITAIRES DEPLACEMENT INFIRMIERS;SNDS IR_NAT_V
PRS_NAT;1849;INDEMNITE FORFAITAIRE DEPLACEMENT MK PERS. AGEE;SNDS IR_NAT_V
PRS_NAT;1901;MAJORATION PERSONNES AGEES;SNDS IR_NAT_V
PRS_NAT;1902;MAJORATION VISITE DELAI COURT SAS;SNDS IR_NAT_V
PRS_NAT;1903;MAJORATION ENFANT GENERALISTE;SNDS IR_NAT_V
PRS_NAT;1904;MAJORATION ENFANT PEDIATRE;SNDS IR_NAT_V
PRS_NAT;1905;NOUVEAU FORFAIT ENFANT;SNDS IR_NAT_V
PRS_NAT;1906;NOUVEAU FORFAIT PEDIATRIQUE;SNDS IR_NAT_V
PRS_NAT;1907;REMUNERATION DES SOINS DE PROXIMITE;SNDS IR_NAT_V
PRS_NAT;1908;FORFAIT SORTIE PRECOCE ET TEST GUTHRIE;SNDS IR_NAT_V
PRS_NAT;1909;FORFAIT SORTIE PRECOCE;SNDS IR_NAT_V
PRS_NAT;1910;Plan personnalisé de santé;SNDS IR_NAT_V
PRS_NAT;1911;ACTES DES SAGES-FEMMES;SNDS IR_NAT_V
PRS_NAT;1912;HONORAIRES NON VENTILABLES INDIVIDUALISES;SNDS IR_NAT_V
PRS_NAT;1913;MAJORATION MILIEU DE NUIT;SNDS IR_NAT_V
PRS_NAT;1914;FORFAIT PEDIATRIQUE;SNDS IR_NAT_V
PRS_NAT;1915;FORFAIT ASTREINTE PROF;SNDS IR_NAT_V
PRS_NAT;1916;REMUNERATION POUR GARDE ETS PRIVES;SNDS IR_NAT_V
PRS_NAT;1917;REMUNERATION POUR ASTREINTE ETS PRIVES;SNDS IR_NAT_V
PRS_NAT;1918;MAJORATION D'URGENCE;SNDS IR_NAT_V
PRS_NAT;1919;DEPENSES DE MEDECINE FORFAITAIRE (OMNIPRATICIENS ET AUXILIAIRES MEDICAUX);SNDS IR_NAT_V
PRS_NAT;1920;CONTRAT DEMOGRAPHIQUE SAGE-FEMME;SNDS IR_NAT_V
PRS_NAT;1921;TEST DE DIAGNOSTIC RAPIDE;SNDS IR_NAT_V
PRS_NAT;1922;CONSULTATION;SNDS IR_NAT_V
PRS_NAT;1923;EXAMEN DE SUIVI POST NATAL;SNDS IR_NAT_V
PRS_NAT;1924;INDEMNISATION VACATION MEDECINS;SNDS IR_NAT_V
PRS_NAT;1925;REMUNERATION VACCINATION GRIPPE A PAR MEDECIN RETRAITE ET SALARIES HORS OBLIGATIONS;SNDS IR_NAT_V
PRS_NAT;1926;ACTE DE VACCINATION GRIPPE A/H1N1;SNDS IR_NAT_V
PRS_NAT;1927;REMUNERATION CPTS;SNDS IR_NAT_V
PRS_NAT;1928;REMUNERATION VACCINATION COVID 19;SNDS IR_NAT_V
PRS_NAT;1929;ACTE DE VACCINATION COVID 19;SNDS IR_NAT_V
PRS_NAT;1930;ACTE D INJECTION DU VACCIN COVID19;SNDS IR_NAT_V
PRS_NAT;1931;MAJORATION NOURRISSON PEDIATRE;SNDS IR_NAT_V
PRS_NAT;1932;MAJORATION NOURRISSON GENERALISTE;SNDS IR_NAT_V
PRS_NAT;1933;MAJORATION CONSULTATION REGULEE DE NUIT;SNDS IR_NAT_V
PRS_NAT;1934;MAJORATION CONSULTATION REGULEE MILIEU DE NUIT;SNDS IR_NAT_V
PRS_NAT;1935;MAJORATION CONSULTATION REGULEE DIMANCHE, JOURS FERIES ET ASSIMILES;SNDS IR_NAT_V
PRS_NAT;1936;MAJORATION VISITE REGULEE DE NUIT;SNDS IR_NAT_V
PRS_NAT;1937;MAJORATION VISITE REGULEE MILIEU DE NUIT;SNDS IR_NAT_V
PRS_NAT;1938;MAJORATION VISITE REGULEE DE DIMANCHE, JOURS FERIES ET ASSIMILES;SNDS IR_NAT_V
PRS_NAT;1939;MAJORATION SAGE-FEMME;SNDS IR_NAT_V
PRS_NAT;1940;FORFAIT SORTIE PRECOCE;SNDS IR_NAT_V
PRS_NAT;1941;MAJORATION CONSULTATION REGULEE SAMEDI APRES MIDI;SNDS IR_NAT_V
PRS_NAT;1942;MAJORATION VISITE REGULEE SAMEDI APRES MIDI;SNDS IR_NAT_V
PRS_NAT;1943;MAJORATION URGENCE MT;SNDS IR_NAT_V
PRS_NAT;1944;MAJORATION CORRESPONDANT URGENCE;SNDS IR_NAT_V
PRS_NAT;1945;MAJORATION MEDECIN TRAITANT REGULATION;SNDS IR_NAT_V
PRS_NAT;1946;FORFAIT SAGE-FEMME REFERENTE;SNDS IR_NAT_V
PRS_NAT;1947;FORFAIT ASTREINTE SAGE-FEMME;SNDS IR_NAT_V
PRS_NAT;1948;FORFAIT DE SURVEILLANCE SF;SNDS IR_NAT_V
PRS_NAT;1949;MAJORATION DE SURVEILLANCE SF;SNDS IR_NAT_V
PRS_NAT;1950;DOTATION NUMERIQUE;SNDS IR_NAT_V
PRS_NAT;1951;PARTICIPATION FORFAITAIRE HORS TIERS PAYANT;SNDS IR_NAT_V
PRS_NAT;1952;PARTICIPATION FORFAITAIRE TIERS PAYANT;SNDS IR_NAT_V
PRS_NAT;1953;REMUNERATION FORFAITAIRE SF;SNDS IR_NAT_V
PRS_NAT;1954;PARTICIPATION ASSURE CONSULTATIONS ET SOINS EXTERNES (C2S + AME);SNDS IR_NAT_V
PRS_NAT;1955;PARTICIPATION ASSURE CONSULTATIONS ET SOINS EXTERNES (REGIME LOCAL);SNDS IR_NAT_V
PRS_NAT;1956;PARTICIPATION ASSURE EN AMBULATOIRE;SNDS IR_NAT_V
PRS_NAT;1957;MAJORATION HORS PARCOURS DE SOINS;SNDS IR_NAT_V
PRS_NAT;1958;CABINET SECONDAIRE ZIP;SNDS IR_NAT_V
PRS_NAT;1959;ADMINISTRATION VACCIN;SNDS IR_NAT_V
PRS_NAT;1960;SUPPLEMENT DEROGATOIRE SG SUR ACTE PROFESSIONNEL NON REMBOURSABLE (CNMSS);SNDS IR_NAT_V
PRS_NAT;1961;SUPPLEMENT DEROGATOIRE SG SUR ACTE PROFESSIONNEL REMBOURSABLE (CNMSS);SNDS IR_NAT_V
PRS_NAT;1962;VACATION MEDECIN VACCINATION COVID 19;SNDS IR_NAT_V
PRS_NAT;1963;MAJO URGENCE + DE 75 ANS SAMU/AMB;SNDS IR_NAT_V
PRS_NAT;1964;MAJORATION 19H-21H;SNDS IR_NAT_V
PRS_NAT;1965;MAJO DIMANCHE / NUIT HORS URGENCE;SNDS IR_NAT_V
PRS_NAT;1966;CREDIT AMORCAGE;SNDS IR_NAT_V
PRS_NAT;1967;CREDIT DOTATION ANNUELLE;SNDS IR_NAT_V
PRS_NAT;1968;MEDECIN EN ZONE PRIORITAIRE;SNDS IR_NAT_V
PRS_NAT;1969;MEDECIN EN ZONE COMPLEMENTAIRE;SNDS IR_NAT_V
PRS_NAT;1970;MAJO DEPLACEMENT EN MONTAGNE;SNDS IR_NAT_V
PRS_NAT;1971;FRANCHISE HORS TIERS PAYANT SUR MEDICAMENT;SNDS IR_NAT_V
PRS_NAT;1972;FRANCHISE TIERS PAYANT SUR MEDICAMENT;SNDS IR_NAT_V
PRS_NAT;1973;FRANCHISE HORS TIERS PAYANT SUR TRANSPORT;SNDS IR_NAT_V
PRS_NAT;1974;FRANCHISE TIERS PAYANT SUR TRANSPORT;SNDS IR_NAT_V
PRS_NAT;1975;FRANCHISE HORS TIERS PAYANT ACTE D'AUXILIAIRE MEDICAUX;SNDS IR_NAT_V
PRS_NAT;1976;FRANCHISE TIERS PAYANT ACTE D'AUXILIAIRE MEDICAUX;SNDS IR_NAT_V
PRS_NAT;1977;PARTICIPATION ASSURE HORS TIERS PAYANT TRANSMISE SANS ACTE DE REFERENCE OU TYPE DE FRANCHISES;SNDS IR_NAT_V
PRS_NAT;1978;PARTICIPATION ASSURE EN TIERS PAYANT TRANSMISE SANS ACTE DE REFERENCE OU TYPE DE FRANCHISES;SNDS IR_NAT_V
PRS_NAT;1981;FORFAIT IVG HONORAIRES DE VILLE;SNDS IR_NAT_V
PRS_NAT;1982;INJ.VACCIN HPV 1ERE DOSE J07BM03;SNDS IR_NAT_V
PRS_NAT;1983;INJ.VACCIN HPV 2EME DOSE J07BM03;SNDS IR_NAT_V
PRS_NAT;1984;INJ MENINGOCOQUE ACWY;SNDS IR_NAT_V
PRS_NAT;1990;FORFAIT D'INTERVENTION PAR SORTIE SUR DEMANDE DE LA REGULATION;SNDS IR_NAT_V
PRS_NAT;1991;REMUNERATION REGULATION;SNDS IR_NAT_V
PRS_NAT;1992;PERMANENCE REMUNERATION DE NUIT;SNDS IR_NAT_V
PRS_NAT;1993;PERMANENCE REMUNERATION MILIEU DE NUIT;SNDS IR_NAT_V
PRS_NAT;1994;PERMANENCE REMUNERATION DIMANCHE ET FERIE;SNDS IR_NAT_V
PRS_NAT;1995;PERMANENCE REMUNERATION TOTAL;SNDS IR_NAT_V
PRS_NAT;1996;PERMANENCE REMUNERATION SAMEDI MATIN;SNDS IR_NAT_V
PRS_NAT;1997;PERMANENCE REMUNERATION SAMEDI APRES MIDI;SNDS IR_NAT_V
PRS_NAT;1998;ASTREINTE DE JOUR CORRESPONDANT SAMU;SNDS IR_NAT_V
PRS_NAT;1999;ASTREINTE DE NUIT CORRESPONDANT SAMU;SNDS IR_NAT_V
PRS_NAT;2100;FORFAIT ENVIRONNEMENT HOSPITALIER 7;SNDS IR_NAT_V
PRS_NAT;2101;HBGT TEMP NON MEDICALISE;SNDS IR_NAT_V
PRS_NAT;2102;PROTOCOLE FRANCO ALGERIEN;SNDS IR_NAT_V
PRS_NAT;2103;SUPPLEMENT TRANSPORT PERMISSION THERAPEUTIQUE (PSY/SSR);SNDS IR_NAT_V
PRS_NAT;2104;SUPPLEMENT TRANSPORT PROVISOIRE (PSY/SSR);SNDS IR_NAT_V
PRS_NAT;2105;SUPPLEMENT TRANSPORT DEFINITIF (PSY/SSR);SNDS IR_NAT_V
PRS_NAT;2106;TRANSPORT DEFINITIF DIALYSE;SNDS IR_NAT_V
PRS_NAT;2107;TRANSPORT SEANCE DIALYSE;SNDS IR_NAT_V
PRS_NAT;2108;SUPPLEMENT TRANSPORT 2;SNDS IR_NAT_V
PRS_NAT;2109;SUPPLEMENT TRANSPORT SEANCES;SNDS IR_NAT_V
PRS_NAT;2110;FRAIS SEJOUR SSR;SNDS IR_NAT_V
PRS_NAT;2111;FRAIS D HEBERGEMENT ET ENVIRONNEMENT EN GHS;SNDS IR_NAT_V
PRS_NAT;2112;FRAIS DE SEJOUR SUPPLEMENTAIRE AU GHS;SNDS IR_NAT_V
PRS_NAT;2113;GROUPE HOMOGENE DE TARIFS;SNDS IR_NAT_V
PRS_NAT;2114;SUPPLEMENT SOINS PARTICULIEREMENT COUTEUX (ARRETE DU 29/06/1978);SNDS IR_NAT_V
PRS_NAT;2115;SUPPLEMENT SOINS CONTINUS;SNDS IR_NAT_V
PRS_NAT;2116;SUPPLEMENT NEONATOLOGIE 1;SNDS IR_NAT_V
PRS_NAT;2117;SUPPLEMENT NEONATOLOGIE 2;SNDS IR_NAT_V
PRS_NAT;2118;SUPPLEMENT NEONATOLOGIE 3;SNDS IR_NAT_V
PRS_NAT;2119;SUPPLEMENT DEFIBRILLATEUR;SNDS IR_NAT_V
PRS_NAT;2120;DIFFERENTIEL TARIFAIRE CLINIQUE;SNDS IR_NAT_V
PRS_NAT;2121;HEMODIALYSE EN CENTRE OU EN UNITE DE DIALYSE MEDICALISEE;SNDS IR_NAT_V
PRS_NAT;2122;AUTODIALYSE SIMPLE OU ASSISTEE;SNDS IR_NAT_V
PRS_NAT;2123;ENTRAINEMENT A L HEMODIALYSE A DOMICILE ET A L AUTODIALYSE;SNDS IR_NAT_V
PRS_NAT;2124;ENTRAINEMENT A LA DPA;SNDS IR_NAT_V
PRS_NAT;2125;ENTRAINEMENT A LA DPCA;SNDS IR_NAT_V
PRS_NAT;2126;HEMODIALYSE A DOMICILE;SNDS IR_NAT_V
PRS_NAT;2127;DIALYSE PERITONEALE AUTOMATISEE (DPA);SNDS IR_NAT_V
PRS_NAT;2128;DIALYSE PERITONEALE CONTINUE AMBULATOIRE (DPCA);SNDS IR_NAT_V
PRS_NAT;2129;FORFAIT D'HEMODIALYSE EN CENTRE;SNDS IR_NAT_V
PRS_NAT;2130;DOTATION MIXTE MEDECINE;SNDS IR_NAT_V
PRS_NAT;2131;FORFAIT D HEMODIALYSE EN CENTRE POUR ENFANT;SNDS IR_NAT_V
PRS_NAT;2132;FORFAIT D HEMODIALYSE EN UNITE DE DIALYSE MEDICALISEE;SNDS IR_NAT_V
PRS_NAT;2133;DIALYSE TIERCE PERSONNE;SNDS IR_NAT_V
PRS_NAT;2134;FORFAIT D AUTODIALYSE SIMPLE;SNDS IR_NAT_V
PRS_NAT;2135;FORFAIT D AUTODIALYSE ASSISTEE;SNDS IR_NAT_V
PRS_NAT;2136;FORFAIT D HEMODIALYSE A DOMICILE;SNDS IR_NAT_V
PRS_NAT;2137;FORFAIT DE DIALYSE PERITONEALE AUTOMATISEE (DPA);SNDS IR_NAT_V
PRS_NAT;2138;FORFAIT DE DIALYSE PERITONEALE CONTINUE AMBULATOIRE (DPCA);SNDS IR_NAT_V
PRS_NAT;2139;FORFAIT D ENTRAINEMENT A L HEMODIALYSE A DOMICILE ET AUTODIALYSE;SNDS IR_NAT_V
PRS_NAT;2140;FORFAIT D ENTRAINEMENT A LA DIALYSE PERITONEALE AUTOMATISEE;SNDS IR_NAT_V
PRS_NAT;2141;FRAIS DE CHAMBRE PARTICULIERE POUR CONVENANCE PERSONNELLE;SNDS IR_NAT_V
PRS_NAT;2142;FORFAIT D ENTRAINEMENT A DIALYSE PERITONEALE CONTINUE AMBULATOIRE;SNDS IR_NAT_V
PRS_NAT;2143;FF D ENTRAINEMENT A LA DIALYSE PERITONEALE AUTOMATISEE A DOMICILE;SNDS IR_NAT_V
PRS_NAT;2144;FF D ENTRAINEMENT A LA DIALYSE PERITONEALE CONTINUE AMBULATOIRE A DOMICILE;SNDS IR_NAT_V
PRS_NAT;2145;FORFAIT DE DIALYSE PERITONEALE AUTOMATISE POUR HOSPITALISATION DE 3 A 6 JOURS;SNDS IR_NAT_V
PRS_NAT;2146;FORFAIT DE DIALYSE PERITONEALE CONTINUE AMBULATOIRE POUR HOSPITALISATION DE 3 A 6 JOURS;SNDS IR_NAT_V
PRS_NAT;2147;FORFAIT D'ENTRAINEMENT A L'HEMODIALYSE EN UNITE DE DIALYSE MEDICALISEE;SNDS IR_NAT_V
PRS_NAT;2148;SUPPLEMENT JOURNALIER ZONE HAUTE;SNDS IR_NAT_V
PRS_NAT;2149;SUPPLEMENT JOURNALIER ZONE EXTREME HAUTE;SNDS IR_NAT_V
PRS_NAT;2150;VIDEOCAPSULE;SNDS IR_NAT_V
PRS_NAT;2151;SUPPLEMENT REANIMATION;SNDS IR_NAT_V
PRS_NAT;2152;SUPPLEMENT SURVEILLANCE CONTINUE;SNDS IR_NAT_V
PRS_NAT;2153;FORFAIT SOINS INTENSIFS;SNDS IR_NAT_V
PRS_NAT;2154;REANIMATION PEDIATRIQUE;SNDS IR_NAT_V
PRS_NAT;2155;FORFAIT ENVIRONNEMENT HOSPITALIER 1;SNDS IR_NAT_V
PRS_NAT;2156;FORFAIT ENVIRONNEMENT HOSPITALIER 2;SNDS IR_NAT_V
PRS_NAT;2157;FORFAIT ENVIRONNEMENT HOSPITALIER 3;SNDS IR_NAT_V
PRS_NAT;2158;FORFAIT ENVIRONNEMENT HOSPITALIER 4;SNDS IR_NAT_V
PRS_NAT;2159;FORFAIT DE SECURITE DERMATOLOGIQUE;SNDS IR_NAT_V
PRS_NAT;2160;MISSION D'INTERET GENERAL SSR;SNDS IR_NAT_V
PRS_NAT;2161;FORFAIT MISSION D INTERET GENERAL D AIDE A LA CONTRACTUALISATION;SNDS IR_NAT_V
PRS_NAT;2162;FORFAIT HAUTE TECHNICITE;SNDS IR_NAT_V
PRS_NAT;2163;SUPPLEMENT JOURNALIER DIALYSE PERITONEALE;SNDS IR_NAT_V
PRS_NAT;2164;ADMINISTRATION DE PRODUITS ET PRESTATIONS EN ENVIRONNEMENT HOSPITALIER;SNDS IR_NAT_V
PRS_NAT;2165;FORFAIT PRESTATION INTERMEDIAIRE;SNDS IR_NAT_V
PRS_NAT;2166;ADMINISTRATION DE MEDICAMENTS EN ENVIRONNEMENT HOSPITALIER;SNDS IR_NAT_V
PRS_NAT;2167;FORFAIT ENVIRONNEMENT HOSPITALIER 5;SNDS IR_NAT_V
PRS_NAT;2168;FORFAIT ENVIRONNEMENT HOSPITALIER 6;SNDS IR_NAT_V
PRS_NAT;2169;DOTATION POPULATIONNELLE PSY;SNDS IR_NAT_V
PRS_NAT;2170;FIR ETS PRIVES;SNDS IR_NAT_V
PRS_NAT;2171;DIFFERENTIEL TARIFAIRE AME;SNDS IR_NAT_V
PRS_NAT;2172;DIFFERENTIEL TARIFAIRE MIGRANTS;SNDS IR_NAT_V
PRS_NAT;2173;DIFFERENTIEL PSY REGLEMENTAIRE;SNDS IR_NAT_V
PRS_NAT;2174;DIFFERENTIEL PSY AME;SNDS IR_NAT_V
PRS_NAT;2175;DIFFERENTIEL PSY MIGRANTS;SNDS IR_NAT_V
PRS_NAT;2176;DIFFERENTIEL SSR REGLEMENTAIRE;SNDS IR_NAT_V
PRS_NAT;2177;DIFFERENTIEL SSR AME;SNDS IR_NAT_V
PRS_NAT;2178;DIFFERENTIEL SSR MIGRANTS;SNDS IR_NAT_V
PRS_NAT;2179;DOTATION DE TRANSFORMATION PSY;SNDS IR_NAT_V
PRS_NAT;2180;DIFFERENTIEL TARIFAIRE FIDES;SNDS IR_NAT_V
PRS_NAT;2181;PRELEVEMENT D ORGANE 1;SNDS IR_NAT_V
PRS_NAT;2182;PRELEVEMENT D ORGANE 2;SNDS IR_NAT_V
PRS_NAT;2183;PRELEVEMENT D ORGANE 3;SNDS IR_NAT_V
PRS_NAT;2184;COORDINATION PRELEVEMENT D ORGANES;SNDS IR_NAT_V
PRS_NAT;2185;PRELEVEMENT D ORGANE 4;SNDS IR_NAT_V
PRS_NAT;2186;PRELEVEMENT D'ORGANE 5;SNDS IR_NAT_V
PRS_NAT;2187;PRELEVEMENT D'ORGANE 6;SNDS IR_NAT_V
PRS_NAT;2188;PRELEVEMENT D'ORGANE 7;SNDS IR_NAT_V
PRS_NAT;2189;PRELEVEMENT D'ORGANE 8;SNDS IR_NAT_V
PRS_NAT;2190;PRELEVEMENT D'ORGANE 9;SNDS IR_NAT_V
PRS_NAT;2191;PRELEVEMENT D'ORGANE;SNDS IR_NAT_V
PRS_NAT;2192;DOTATION POPULATIONNELLE SSR;SNDS IR_NAT_V
PRS_NAT;2193;DOTATION PEDIATRIE;SNDS IR_NAT_V
PRS_NAT;2194;PLATEAU TECHNIQUE SPECIALISE;SNDS IR_NAT_V
PRS_NAT;2195;SUPPLEMENT ANTEPARTUM;SNDS IR_NAT_V
PRS_NAT;2196;SUPPLEMENT RADIOTHERAPIE PEDIATRIQUE;SNDS IR_NAT_V
PRS_NAT;2197;DOTATION ACTIVITES SPECIFIQUES;SNDS IR_NAT_V
PRS_NAT;2198;DOTATION QUALITE CODAGE;SNDS IR_NAT_V
PRS_NAT;2199;SUPPLEMENT JOURNALIER ZONE BASSE;SNDS IR_NAT_V
PRS_NAT;2200;DOTATION FILE ACTIVE PSY;SNDS IR_NAT_V
PRS_NAT;2201;BUDGET GLOBAL;SNDS IR_NAT_V
PRS_NAT;2202;MEDICALISATION DES PERSONNES AGEES;SNDS IR_NAT_V
PRS_NAT;2203;SSAD : SERVICE DE SOINS A DOMICILE;SNDS IR_NAT_V
PRS_NAT;2204;CAMSP: CENTRE ACTION MEDICO-SOCIALE PRECOCE;SNDS IR_NAT_V
PRS_NAT;2205;CCAA : CENTRE DE CURE AMBULATOIRE EN ALCOOLOGIE;SNDS IR_NAT_V
PRS_NAT;2206;VIH;SNDS IR_NAT_V
PRS_NAT;2207;REORIENTATION URGENCE 2 MILIEU NUIT;SNDS IR_NAT_V
PRS_NAT;2208;REORIENTATION URGENCE 1 MILIEU NUIT;SNDS IR_NAT_V
PRS_NAT;2209;FORFAIT CONSULTATION URGENCE HOPITAL MILIEU NUIT;SNDS IR_NAT_V
PRS_NAT;2210;FORFAIT CONSULTATION URGENCE HOPITAL NUIT;SNDS IR_NAT_V
PRS_NAT;2211;FRAIS DE SEJOUR;SNDS IR_NAT_V
PRS_NAT;2212;MAJORATION PMSI;SNDS IR_NAT_V
PRS_NAT;2213;FRAIS DE SEJOUR IME;SNDS IR_NAT_V
PRS_NAT;2214;SUPPLEMENT DEROGATOIRE SG SUR PRESTATION SEJOUR NON REMBOURSABLE (CNMSS);SNDS IR_NAT_V
PRS_NAT;2215;SUPPLEMENT DEROGATOIRE SG SUR PRESTATION SEJOUR REMBOURSABLE (CNMSS);SNDS IR_NAT_V
PRS_NAT;2216;FORFAIT CONSULTATION URGENCE PRIVE;SNDS IR_NAT_V
PRS_NAT;2217;FORFAIT CONSULTATION URGENCE HOPITAL;SNDS IR_NAT_V
PRS_NAT;2218;REORIENTATION URGENCE 1;SNDS IR_NAT_V
PRS_NAT;2219;REORIENTATION URGENCE 2;SNDS IR_NAT_V
PRS_NAT;2220;FORFAIT CONSULTATION URGENCE HOPITAL FERIE;SNDS IR_NAT_V
PRS_NAT;2221;SUPPLEMENT CHAMBRE PARTICULIERE;SNDS IR_NAT_V
PRS_NAT;2222;SUPPLEMENT POUR SURVEILLANCE DU MALADE;SNDS IR_NAT_V
PRS_NAT;2223;FORFAIT ENVIRONNEMENT HOSPITALIER 8;SNDS IR_NAT_V
PRS_NAT;2224;DOTATION OBJECTIFS SANTE PUBLIQUE;SNDS IR_NAT_V
PRS_NAT;2225;SUPPLEMENT ONCOLOGIE;SNDS IR_NAT_V
PRS_NAT;2226;PRELEVEMENT ORGANE SOUS CRN;SNDS IR_NAT_V
PRS_NAT;2227;PRELEVEMENT ORGANE POSE CRN;SNDS IR_NAT_V
PRS_NAT;2228;REORIENTATION URGENCE 1 NUIT;SNDS IR_NAT_V
PRS_NAT;2229;FORFAIT PRISE EN CHARGE DU NOUVEAU NE;SNDS IR_NAT_V
PRS_NAT;2230;PRIX DE JOURNEE REGIME LOCAL;SNDS IR_NAT_V
PRS_NAT;2231;FORFAIT PHARMACEUTIQUE;SNDS IR_NAT_V
PRS_NAT;2232;FORFAIT TRANSPLANTATION D ORGANE;SNDS IR_NAT_V
PRS_NAT;2233;REORIENTATION URGENCE 2 NUIT;SNDS IR_NAT_V
PRS_NAT;2234;FORFAIT D ENTREE;SNDS IR_NAT_V
PRS_NAT;2235;FORFAIT D ACTIVITE NON PROGRAMMEE;SNDS IR_NAT_V
PRS_NAT;2236;FORFAIT CONSOMMABLE CARDIOLOGIE;SNDS IR_NAT_V
PRS_NAT;2237;TM PJ - PART OC;SNDS IR_NAT_V
PRS_NAT;2238;FORFAIT D ACCUEIL ET DE TRAITEMENT DES URGENCES;SNDS IR_NAT_V
PRS_NAT;2239;FORFAIT ANNUEL D URGENCE;SNDS IR_NAT_V
PRS_NAT;2240;TARIF JOURNALIER COMPLEMENTAIRE;SNDS IR_NAT_V
PRS_NAT;2241;FRAIS DE SALLE D OPERATION;SNDS IR_NAT_V
PRS_NAT;2242;FRAIS D ANESTHESIE ET REANIMATION;SNDS IR_NAT_V
PRS_NAT;2243;FRAIS D ENVIRONNEMENT;SNDS IR_NAT_V
PRS_NAT;2244;Forfait Innovation ARGUS II;SNDS IR_NAT_V
PRS_NAT;2245;FRAIS DE SALLE D ACCOUCHEMENT;SNDS IR_NAT_V
PRS_NAT;2246;FRAIS DE SALLE D ACCOUCHEMENT MULTIPLE;SNDS IR_NAT_V
PRS_NAT;2247;FORFAIT PSYCHIATRIE DE SECURITE - HOSPITALISATION AVEC HEBERGEMENT;SNDS IR_NAT_V
PRS_NAT;2248;Forfait Innovation HIFU;SNDS IR_NAT_V
PRS_NAT;2249;FORFAIT ACTIVITE ISOLE;SNDS IR_NAT_V
PRS_NAT;2250;FORFAIT JOURNALIER - PART OC;SNDS IR_NAT_V
PRS_NAT;2251;FORFAIT JOURNALIER;SNDS IR_NAT_V
PRS_NAT;2252;FORFAIT JOURNALIER DE SORTIE;SNDS IR_NAT_V
PRS_NAT;2253;TARIF JOURNALIER PRESTATIONS;SNDS IR_NAT_V
PRS_NAT;2254;VERSEMENT ACTIVITE SSR AME;SNDS IR_NAT_V
PRS_NAT;2255;VERSEMENT SOINS URGENTS SSR;SNDS IR_NAT_V
PRS_NAT;2256;FORFAIT INNOVATION ECLIPS;SNDS IR_NAT_V
PRS_NAT;2257;FJ TRANSPLANTATION ORGANES;SNDS IR_NAT_V
PRS_NAT;2258;FORFAIT DE SOINS JOURNALIER;SNDS IR_NAT_V
PRS_NAT;2259;SAISIE MANUELLE DES SEJOURS POUR LEQUELS LE FJ EST SUPERIEUR AU TM;SNDS IR_NAT_V
PRS_NAT;2260;FORFAIT HOPITAL PROXIMITE COMPLEMENTAIRE;SNDS IR_NAT_V
PRS_NAT;2261;FORFAIT ACCUEIL DU PATIENT N 1;SNDS IR_NAT_V
PRS_NAT;2262;FORFAIT ACCUEIL DU PATIENT N 2;SNDS IR_NAT_V
PRS_NAT;2263;FORFAIT IFAQ;SNDS IR_NAT_V
PRS_NAT;2264;FORFAIT IFAQ SSR;SNDS IR_NAT_V
PRS_NAT;2265;DOTATION MODULEE A L'ACTIVITE;SNDS IR_NAT_V
PRS_NAT;2266;FORFAIT INNOVATION ECHOPULSE;SNDS IR_NAT_V
PRS_NAT;2267;FORFAIT INNOVATION METAGLUT1;SNDS IR_NAT_V
PRS_NAT;2268;FORFAIT INNOVATION RETINA;SNDS IR_NAT_V
PRS_NAT;2269;FORFAIT PATHOLOGIE CHRONIQUE 1;SNDS IR_NAT_V
PRS_NAT;2270;FORFAIT PATHOLOGIE CHRONIQUE 2;SNDS IR_NAT_V
PRS_NAT;2271;FORFAIT HPT GROUPE 1;SNDS IR_NAT_V
PRS_NAT;2272;FORFAIT HPT GROUPE 1.2;SNDS IR_NAT_V
PRS_NAT;2273;FORFAIT HPT 15 %;SNDS IR_NAT_V
PRS_NAT;2274;FORFAIT HPT GROUPE 2 + FAS1;SNDS IR_NAT_V
PRS_NAT;2275;FORFAIT HPT GROUPE 2 + FAS2;SNDS IR_NAT_V
PRS_NAT;2276;FORFAIT INNOVATION WISE CRT;SNDS IR_NAT_V
PRS_NAT;2277;REORIENTATION URGENCE 1 FERIE;SNDS IR_NAT_V
PRS_NAT;2278;REORIENTATION URGENCE 2 FERIE;SNDS IR_NAT_V
PRS_NAT;2279;FORFAIT INNOVATION DNERVA;SNDS IR_NAT_V
PRS_NAT;2280;FORFAIT IFAQ PSY;SNDS IR_NAT_V
PRS_NAT;2281;FORFAIT PATIENT URGENCE;SNDS IR_NAT_V
PRS_NAT;2282;PARTICIPATION ASSURE TRANSITOIRE;SNDS IR_NAT_V
PRS_NAT;2283;PARTICIPATION ASSURE HOSPITALISATION PUBLIQUE (C2S + AME);SNDS IR_NAT_V
PRS_NAT;2284;PARTICIPATION ASSURE HOSPITALISATION PUBLIQUE (REGIME LOCAL);SNDS IR_NAT_V
PRS_NAT;2285;PARTICIPATION ASSURE SUR SEJOUR;SNDS IR_NAT_V
PRS_NAT;2286;FORFAIT PATIENT URGENCE RO;SNDS IR_NAT_V
PRS_NAT;2287;FORFAIT PATIENT URGENCE RL;SNDS IR_NAT_V
PRS_NAT;2288;FORFAIT INNOVATION ONCOGRAMME;SNDS IR_NAT_V
PRS_NAT;2289;FORFAIT INNOVATION SUNRISE;SNDS IR_NAT_V
PRS_NAT;2290;FORFAIT JOURNALIER RL PRIVE;SNDS IR_NAT_V
PRS_NAT;2291;PRIX DE JOURNEE FIDES ALM;SNDS IR_NAT_V
PRS_NAT;2292;DOTATION STRUCTURATION RECHERCHE;SNDS IR_NAT_V
PRS_NAT;2293;DOTATION NOUVELLES ACTIVITES;SNDS IR_NAT_V
PRS_NAT;2294;DOTATION QUALITE URGENCE;SNDS IR_NAT_V
PRS_NAT;2295;DOTATION DE RESPONSABILITE ERRITORIALE;SNDS IR_NAT_V
PRS_NAT;2296;FORFAIT INNOVATION ENDOTEST;SNDS IR_NAT_V
PRS_NAT;2297;FORFAIT PATIENT URGENCE MINORE;SNDS IR_NAT_V
PRS_NAT;2298;FORFAIT URGENCE MINORE ALM;SNDS IR_NAT_V
PRS_NAT;2299;TARIF JOURNALIER LOCAL;SNDS IR_NAT_V
PRS_NAT;2300;TARIF JOURNALIER MIGRANTS;SNDS IR_NAT_V
PRS_NAT;2301;SUPPLEMENT CAR T CELL;SNDS IR_NAT_V
PRS_NAT;2302;SUPPLEMENT TRANSPORT DEFINITIF SSR;SNDS IR_NAT_V
PRS_NAT;2303;SUPPLEMENT TRANSPORT PROVISOIRE SSR;SNDS IR_NAT_V
PRS_NAT;2304;SUPPLEMENT TRANSPORT PERMISSION THERAPEUTIQUE SSR;SNDS IR_NAT_V
PRS_NAT;2309;COMPLEMENT FORFAIT URGENCE;SNDS IR_NAT_V
PRS_NAT;2321;FORFAIT - LONG SEJOUR PERSONNES AGEES;SNDS IR_NAT_V
PRS_NAT;2331;RADIUMTHERAPIE ET CHIMIOTHERAPIE;SNDS IR_NAT_V
PRS_NAT;2332;READAPTATION FONCTIONNELLE;SNDS IR_NAT_V
PRS_NAT;2333;REEDUCATION PROFESSIONNELLE;SNDS IR_NAT_V
PRS_NAT;2334;SEANCE D HEMODIALYSE;SNDS IR_NAT_V
PRS_NAT;2335;FORFAIT DE PANSEMENT;SNDS IR_NAT_V
PRS_NAT;2336;FORFAIT POUR CONSULTATION EN CENTRE MEDICO-PSYCHO PEDAGOGIQUE;SNDS IR_NAT_V
PRS_NAT;2337;SEANCE DE DIAGNOSTIC;SNDS IR_NAT_V
PRS_NAT;2338;FORFAIT PETIT MATERIEL;SNDS IR_NAT_V
PRS_NAT;2339;AUTRES FORFAITS DIVERS (Y COMPRIS NUTRITION ENTERALE A DOMICILE);SNDS IR_NAT_V
PRS_NAT;2340;FORFAIT SEANCE DE SOINS TRANSFERT ETS;SNDS IR_NAT_V
PRS_NAT;2341;SUPPLEMENT AU FORFAIT CHIMIOTHERAPIE;SNDS IR_NAT_V
PRS_NAT;2342;FORFAIT POUR GARDE DE DEBUT DE NUIT EN ETABLIS. PRIVE;SNDS IR_NAT_V
PRS_NAT;2343;FORFAIT POUR GARDE DE NUIT OU SAMEDI APRES MIDI EN ETABLIS. PRIVE;SNDS IR_NAT_V
PRS_NAT;2344;FORFAIT DE GARDE NUIT ET FERIE EN ETABLIS. PRIVE;SNDS IR_NAT_V
PRS_NAT;2345;FORFAIT POUR ASTREINTE DE DEBUT DE NUIT EN ETABLIS. PRIVE;SNDS IR_NAT_V
PRS_NAT;2346;FORFAIT POUR ASTREINTE DE NUIT OU SAMEDI APRES MIDI EN ETABLIS. PRIVE;SNDS IR_NAT_V
PRS_NAT;2347;FORFAIT D'ASTREINTE NUIT ET FERIE EN ETABLIS. PRIVE;SNDS IR_NAT_V
PRS_NAT;2351;FORFAIT TECHNIQUE NORMAL IRMN -SCANNERS;SNDS IR_NAT_V
PRS_NAT;2352;FORFAIT TECHNIQUE REDUIT IRMN -SCANNERS;SNDS IR_NAT_V
PRS_NAT;2353;FORFAIT TECHNIQUE SCANNER (SPP expo amiante);SNDS IR_NAT_V
PRS_NAT;2354;FORFAIT TECHNIQUE TOMOGRAPHIE;SNDS IR_NAT_V
PRS_NAT;2355;FORFAIT CONCOMMABLE MEDECINE NUCLEAIRE 01;SNDS IR_NAT_V
PRS_NAT;2356;FORFAIT CONSOMMABLE MEDECINE NUCLEAIRE 02;SNDS IR_NAT_V
PRS_NAT;2357;FORFAIT CONSOMMABLE MEDECINE NUCLEAIRE 03;SNDS IR_NAT_V
PRS_NAT;2358;FORFAIT CONSOMMABLE MEDECINE NUCLEAIRE 04;SNDS IR_NAT_V
PRS_NAT;2359;FORFAIT CONSOMMABLE MEDECINE NUCLEAIRE 05;SNDS IR_NAT_V
PRS_NAT;2360;FORFAIT CONSOMMABLE MEDECINE NUCLEAIRE 06;SNDS IR_NAT_V
PRS_NAT;2361;FORFAIT CONSOMMABLE MEDECINE NUCLEAIRE 07;SNDS IR_NAT_V
PRS_NAT;2362;FORFAIT CONSOMMABLE MEDECINE NUCLEAIRE 08;SNDS IR_NAT_V
PRS_NAT;2363;FORFAIT CONSOMMABLE MEDECINE NUCLEAIRE 09;SNDS IR_NAT_V
PRS_NAT;2364;FORFAIT CONSOMMABLE MEDECINE NUCLEAIRE 10;SNDS IR_NAT_V
PRS_NAT;2365;FORFAIT CONSOMMABLE MEDECINE NUCLEAIRE 11;SNDS IR_NAT_V
PRS_NAT;2366;FORFAIT CONSOMMABLE MEDECINE NUCLEAIRE 12;SNDS IR_NAT_V
PRS_NAT;2367;FORFAIT CONSOMMABLE MEDECINE NUCLEAIRE 13;SNDS IR_NAT_V
PRS_NAT;2368;FORFAIT CONSOMMABLE MEDECINE NUCLEAIRE 14;SNDS IR_NAT_V
PRS_NAT;2369;FORFAIT CONSOMMABLE MEDECINE NUCLEAIRE 15;SNDS IR_NAT_V
PRS_NAT;2371;TARIF SOINS GIR 1 ET 2;SNDS IR_NAT_V
PRS_NAT;2372;TARIF SOINS GIR 3 ET 4;SNDS IR_NAT_V
PRS_NAT;2373;TARIF SOINS GIR 5 ET 6;SNDS IR_NAT_V
PRS_NAT;2380;FORFAIT PSYCHIATRIE SEANCE COLL, 1 INTERVENANT 3 à 4H;SNDS IR_NAT_V
PRS_NAT;2381;FORFAIT PSYCHIATRIE SEANCE IND, 1 INTERVENANT 3 à 4H;SNDS IR_NAT_V
PRS_NAT;2382;FORFAIT PSYCHIATRIE SEANCE COLL, 2 INTERVENANTS 3 à 4H;SNDS IR_NAT_V
PRS_NAT;2383;FORFAIT PSYCHIATRIE SEANCE IND. 2 INTERVENANTS 3 à 4H;SNDS IR_NAT_V
PRS_NAT;2384;FORFAIT PSYCHIATRIE SEANCE COLL, 1 INTERVENANT 6 à 8H;SNDS IR_NAT_V
PRS_NAT;2385;FORFAIT PSYCHIATRIE SEANCE IND. 1 INTERVENANT 6 à 8H;SNDS IR_NAT_V
PRS_NAT;2386;FORFAIT PSYCHIATRIE SEANCE COLL, 2 INTERVENANT 6 à 8H;SNDS IR_NAT_V
PRS_NAT;2387;FORFAIT PSYCHIATRIE SEANCE IND. 2 INTERVENANTS 6 à 8H;SNDS IR_NAT_V
PRS_NAT;2388;FORFAIT PSYCHIATRIE DE SECURITE HOSPITALISATION SANS HEBERGEMENT;SNDS IR_NAT_V
PRS_NAT;2389;PRISE EN CHARGE DE NUIT POUR UNE DUREE ENTRE 8 ET 12H;SNDS IR_NAT_V
PRS_NAT;2391;FORFAIT TECHNIQUE TARIF REDUIT N°2;SNDS IR_NAT_V
PRS_NAT;2392;FORFAIT TECHNIQUE TARIF REDUIT N°3;SNDS IR_NAT_V
PRS_NAT;2411;INTERVENTION IVG;SNDS IR_NAT_V
PRS_NAT;2412;ANESTHESIE GENERALE;SNDS IR_NAT_V
PRS_NAT;2413;INVESTIGATIONS BIOLOGIQUES;SNDS IR_NAT_V
PRS_NAT;2414;CONSULTATION IVG;SNDS IR_NAT_V
PRS_NAT;2415;MEDICAMENTS: MIFEYGINE;SNDS IR_NAT_V
PRS_NAT;2416;MEDICAMENTS: PROSTAGLANDINES;SNDS IR_NAT_V
PRS_NAT;2417;VERIFICATION BIOLOGIQUE;SNDS IR_NAT_V
PRS_NAT;2418;VERIFICATION ECHOGRAPHIQUE;SNDS IR_NAT_V
PRS_NAT;2419;FORFAIT INTERVENTION AMBULATOIRE;SNDS IR_NAT_V
PRS_NAT;2420;FORFAIT INTERVENTION DUREE < OU = 12 H PRIVE MEDIC;SNDS IR_NAT_V
PRS_NAT;2421;INTERVENTION + ANESTHESIE AMBULATOIRE;SNDS IR_NAT_V
PRS_NAT;2422;FORFAIT POUR IVG MEDICAMENTEUSE;SNDS IR_NAT_V
PRS_NAT;2423;FORFAIT INTERVENTION AVEC NUITEE;SNDS IR_NAT_V
PRS_NAT;2424;INTERVENTION + ANESTHESIE AVEC NUITEE;SNDS IR_NAT_V
PRS_NAT;2425;FORFAIT IVG POUR 24H SUPPLEMENTAIRES - SECTEUR PRIVE/SECTEUR PUBLIC;SNDS IR_NAT_V
PRS_NAT;2426;CONSULTATION IVG SPECIALISTE;SNDS IR_NAT_V
PRS_NAT;2428;ECHO PRE IVG;SNDS IR_NAT_V
PRS_NAT;2501;FORFAIT FIR PDSES PUBLIQUE;SNDS IR_NAT_V
PRS_NAT;2502;FORFAIT FIR CENTRE DEPISTAGE ANONYME ET GRATUIT;SNDS IR_NAT_V
PRS_NAT;2503;FORFAIT FIR CENTRE PERINATAUX DE PROXIMITE;SNDS IR_NAT_V
PRS_NAT;2504;FORFAIT FIR EDUCATION THERAPEUTIQUE;SNDS IR_NAT_V
PRS_NAT;3101;FORFAIT STRUCTURE PS AUXILIAIRES;SNDS IR_NAT_V
PRS_NAT;3102;CONTESTATION FORFAIT STRUCTURE PS AUXILIAIRES;SNDS IR_NAT_V
PRS_NAT;3103;TELECONSULTATION LORS D'UN SOIN;SNDS IR_NAT_V
PRS_NAT;3104;TELECONSULTATION LIEU DEDIE;SNDS IR_NAT_V
PRS_NAT;3105;TELECONSULTATION DOMICILE;SNDS IR_NAT_V
PRS_NAT;3106;SOINS INFIRMIERS EXTERNALISES (PEC LOURDE);SNDS IR_NAT_V
PRS_NAT;3107;SOINS INFIRMIERS EXTERNALISES (PEC INTERMEDIAIRE);SNDS IR_NAT_V
PRS_NAT;3108;SOINS INFIRMIERS EXTERNALISES (PEC LEGERE);SNDS IR_NAT_V
PRS_NAT;3109;Majoration Infirmier Enfant;SNDS IR_NAT_V
PRS_NAT;3110;CONTRAT INCITATIF INFIRMIER;SNDS IR_NAT_V
PRS_NAT;3111;ACTES EN AMI;SNDS IR_NAT_V
PRS_NAT;3112;ACTES INFIRMIERS DE SOINS;SNDS IR_NAT_V
PRS_NAT;3113;ACTES INFIRMIERS DES SAGES-FEMMES (SFI);SNDS IR_NAT_V
PRS_NAT;3114;AUTRES ACTES TECHN (HORS NGAP);SNDS IR_NAT_V
PRS_NAT;3115;BILAN DE SOINS INFIRMIERS;SNDS IR_NAT_V
PRS_NAT;3116;MAJORATION POUR ACTE UNIQUE;SNDS IR_NAT_V
PRS_NAT;3117;MAJORATION DE COORDINATION ET D'ENVIRONNEMENT DE SOIN INFIRMIER;SNDS IR_NAT_V
PRS_NAT;3118;INDEMNISATION VACATION INFIRMIERS;SNDS IR_NAT_V
PRS_NAT;3119;REMUNERATION VACCINATION GRIPPE A PAR INFIRMIER RETRAITE OU SALARIE HORS OBLIGATIONS;SNDS IR_NAT_V
PRS_NAT;3120;SOINS INFIRMIERS EXTERNALISES;SNDS IR_NAT_V
PRS_NAT;3121;ACTES AMC;SNDS IR_NAT_V
PRS_NAT;3122;ACTES EN AMK;SNDS IR_NAT_V
PRS_NAT;3123;TELESOINS MK;SNDS IR_NAT_V
PRS_NAT;3124;FORFAIT TROUBLES NEURO-DEVELOPPEMENT;SNDS IR_NAT_V
PRS_NAT;3125;ACTES DE KINESITHERAPIE OSTEO-ARTICULAIRE;SNDS IR_NAT_V
PRS_NAT;3126;CONTRAT DEMOGRAPHIQUE KINE;SNDS IR_NAT_V
PRS_NAT;3127;FORFAIT PRISE EN CHARGE AVC;SNDS IR_NAT_V
PRS_NAT;3128;RETOUR A DOMICILE POST CHIRURGIE ORTHOPEDIQUE;SNDS IR_NAT_V
PRS_NAT;3129;PRATIQUE AVANCEE INFIRMIER MIP;SNDS IR_NAT_V
PRS_NAT;3130;PRATIQUE AVANCEE INFIRMIER PAI;SNDS IR_NAT_V
PRS_NAT;3131;ACTES DES PEDICURES;SNDS IR_NAT_V
PRS_NAT;3132;ACTES DES ORTHOPHONISTES;SNDS IR_NAT_V
PRS_NAT;3133;ACTES DES ORTHOPTISTES;SNDS IR_NAT_V
PRS_NAT;3134;ACTE DE PEDICURE-PODOLOGUE (DIABETIQUE);SNDS IR_NAT_V
PRS_NAT;3135;FORFAIT EVALUATION DOMICILE HANDICAP;SNDS IR_NAT_V
PRS_NAT;3136;MAJORATION ENFANT - ORTHOPHONIE;SNDS IR_NAT_V
PRS_NAT;3137;FORFAIT POST HOSPITALISATION - ORTHOPHONIE;SNDS IR_NAT_V
PRS_NAT;3138;FORFAIT EVALUATION DOMICILE HANDICAP - ORTHOPHONIE;SNDS IR_NAT_V
PRS_NAT;3139;CONTRAT INCITATIF ORTHOPHONISTE;SNDS IR_NAT_V
PRS_NAT;3140;TELESOINS INFIRMIERS;SNDS IR_NAT_V
PRS_NAT;3141;TELESOINS PODOLOGUES;SNDS IR_NAT_V
PRS_NAT;3142;TELESOINS ORTHOPHONISTES;SNDS IR_NAT_V
PRS_NAT;3143;TELESOINS ORTHOPTISTES;SNDS IR_NAT_V
PRS_NAT;3144;VACATION HORS MEDECINS VACCI COVID19;SNDS IR_NAT_V
PRS_NAT;3145;MK-REEDUC AMPUTATIONS;SNDS IR_NAT_V
PRS_NAT;3146;MK-REEDUC AFF RESPIRATOIRES MAX FACIAL ET ORL;SNDS IR_NAT_V
PRS_NAT;3147;MK-REEDUC DEVIATION RACHIS;SNDS IR_NAT_V
PRS_NAT;3148;MK-REEDUC AFF NEURO MUSC OU RHUM INFLAM;SNDS IR_NAT_V
PRS_NAT;3149;MK-REEDUC SOINS PALLIATIFS;SNDS IR_NAT_V
PRS_NAT;3150;INDEMNITE INFLATION;SNDS IR_NAT_V
PRS_NAT;3151;MK-REEDUC ABDO ET PERINEOSPHINCTERIENNE;SNDS IR_NAT_V
PRS_NAT;3152;MK-REEDUC RACHIS NON OPERE;SNDS IR_NAT_V
PRS_NAT;3153;MK-REEDUC RACHIS OPERE;SNDS IR_NAT_V
PRS_NAT;3154;MK-REEDUC AFFECTIONS VASCULAIRES;SNDS IR_NAT_V
PRS_NAT;3155;MK-REEDUC MBRE INF OPERE SOUS REF;SNDS IR_NAT_V
PRS_NAT;3156;MK-REEDUC MBRE INF NON OPERE SOUS REF;SNDS IR_NAT_V
PRS_NAT;3157;MK-REEDUC DEAMBULATION SUJET AGEE;SNDS IR_NAT_V
PRS_NAT;3158;MK-REEDUC BRULURES;SNDS IR_NAT_V
PRS_NAT;3159;MK-REEDUC MBRE SUP OPERE SOUS REF;SNDS IR_NAT_V
PRS_NAT;3160;MK-REEDUC MBRE SUP NON OPERE SOUS REF;SNDS IR_NAT_V
PRS_NAT;3161;MK-REEDUC AFFECTIONS SUR 2 TERRITOIRES;SNDS IR_NAT_V
PRS_NAT;3162;MK-REEDUC MBRE INF OPERE SANS REF;SNDS IR_NAT_V
PRS_NAT;3163;MK-REEDUC MBRE INF NON OPERE SANS REF;SNDS IR_NAT_V
PRS_NAT;3164;MK-REEDUC MBRE SUP OPERE SANS REF;SNDS IR_NAT_V
PRS_NAT;3165;MK-REEDUC MBRE SUP NON OPERE SANS REF;SNDS IR_NAT_V
PRS_NAT;3166;RDV PREVENTION AUX MED;SNDS IR_NAT_V
PRS_NAT;3167;BILAN PSYCHOLOGUE;SNDS IR_NAT_V
PRS_NAT;3168;SEANCE PSYCHOLOGUE;SNDS IR_NAT_V
PRS_NAT;3169;BILAN ERGOTHERAPEUTE;SNDS IR_NAT_V
PRS_NAT;3170;SEANCE ERGOTHERAPEUTE;SNDS IR_NAT_V
PRS_NAT;3171;BILAN PSYCHOMOTRICIEN;SNDS IR_NAT_V
PRS_NAT;3172;SEANCE PSYCHOMOTRICIEN;SNDS IR_NAT_V
PRS_NAT;3173;TELESOINS PREVENTION PODOLOGUE;SNDS IR_NAT_V
PRS_NAT;3174;PRELEVEMENT - SAIGNEE;SNDS IR_NAT_V
PRS_NAT;3175;INJECTION HORS VACCINATIONS;SNDS IR_NAT_V
PRS_NAT;3176;VACCINATION - TEST TUBERCULINIQUE;SNDS IR_NAT_V
PRS_NAT;3177;PANSEMENTS ET SOINS DE PLAIE;SNDS IR_NAT_V
PRS_NAT;3178;SOINS INFIRMIERS SUR APP DIGESTIF;SNDS IR_NAT_V
PRS_NAT;3179;SOINS RELATIONNELS (HORS NGAP);SNDS IR_NAT_V
PRS_NAT;3180;SOINS DE NURSING;SNDS IR_NAT_V
PRS_NAT;3181;SURVEILLANCE PRADO OU RAAC;SNDS IR_NAT_V
PRS_NAT;3182;COORD/TRANSMISSIONS (HORS NGAP);SNDS IR_NAT_V
PRS_NAT;3183;ACTES DEPISTAGE/PREV (HORS NGAP);SNDS IR_NAT_V
PRS_NAT;3184;SOINS INFIRMIERS APP GENITO URIN;SNDS IR_NAT_V
PRS_NAT;3185;SOINS INFIRMIERS APP RESPIRATOIRE;SNDS IR_NAT_V
PRS_NAT;3186;ADM/SURV THERAP ORALE;SNDS IR_NAT_V
PRS_NAT;3187;SOINS/SURV DE PERFUSION;SNDS IR_NAT_V
PRS_NAT;3188;SOINS/SURV DE DIABETE;SNDS IR_NAT_V
PRS_NAT;3189;ORTHOPHONIE REGULATION PPSO;SNDS IR_NAT_V
PRS_NAT;3190;ORTHOPHONIE MAJORATION MSO;SNDS IR_NAT_V
PRS_NAT;3210;AIDE FINANCIERE A L'INTEROPERABILITE DMP;SNDS IR_NAT_V
PRS_NAT;3211;ACTES DE BIOLOGIE;SNDS IR_NAT_V
PRS_NAT;3212;DEPISTAGE IST A DOMICILE - LABO;SNDS IR_NAT_V
PRS_NAT;3213;FORFAIT PREALABLE BIOLOGIE IVG VILLE;SNDS IR_NAT_V
PRS_NAT;3216;FORFAIT ULTERIEUR BIOLOGIE IVG VILLE;SNDS IR_NAT_V
PRS_NAT;3217;ACTE DE DEPISTAGE DU CANCER COLORECTAL;SNDS IR_NAT_V
PRS_NAT;3221;PRELEVEMENT;SNDS IR_NAT_V
PRS_NAT;3222;PRELEVEMENT SANGUIN PAR UN DIRECTEUR DE LABORATOIRE;SNDS IR_NAT_V
PRS_NAT;3223;PRELEVEMENT;SNDS IR_NAT_V
PRS_NAT;3225;PRELEVEMENT PAR PONCTION VEINEUSE DIRECTE POUR UN MEDECIN BIOLOGISTE;SNDS IR_NAT_V
PRS_NAT;3300;REMUNERATION ROSP AOD;SNDS IR_NAT_V
PRS_NAT;3301;CONTESTATION ROSP AOD;SNDS IR_NAT_V
PRS_NAT;3302;PAIEMENT GARANTIE CONVENTIONNELLE PHARMACIE;SNDS IR_NAT_V
PRS_NAT;3303;CONTESTATION GARANTIE CONVENTIONNELLE PHAMACIE;SNDS IR_NAT_V
PRS_NAT;3304;PAIEMENT QUALITE DE SERVICE PHARMACIE;SNDS IR_NAT_V
PRS_NAT;3305;CONTESTATION QUALITE DE SERVICE PHARMACIE;SNDS IR_NAT_V
PRS_NAT;3306;BILAN MEDICATION REMUNERATION PHARMACIE;SNDS IR_NAT_V
PRS_NAT;3307;BILAN MEDICATION CONTESTATION PHARMACIE;SNDS IR_NAT_V
PRS_NAT;3308;CODE TRACEUR TELECONSULTATION;SNDS IR_NAT_V
PRS_NAT;3309;CODE TRACEUR ACCOMPAGNEMENT;SNDS IR_NAT_V
PRS_NAT;3310;BILAN MEDICATION PARTAGE;SNDS IR_NAT_V
PRS_NAT;3311;PHARMACIE 100%;SNDS IR_NAT_V
PRS_NAT;3312;PHARMACIE PH4;SNDS IR_NAT_V
PRS_NAT;3313;PHARMACIE 65%;SNDS IR_NAT_V
PRS_NAT;3314;HORMONE DE CROISSANCE;SNDS IR_NAT_V
PRS_NAT;3315;MEDICAMENTS ANTIRETROVIRAUX;SNDS IR_NAT_V
PRS_NAT;3316;MEDICAMENTS D EXCEPTION;SNDS IR_NAT_V
PRS_NAT;3317;PHARMACIE HOSPITALIERE A 100%;SNDS IR_NAT_V
PRS_NAT;3318;PHARMACIE HOSPITALIERE A 65%;SNDS IR_NAT_V
PRS_NAT;3319;PHARMACIE HOSPITALIERE;SNDS IR_NAT_V
PRS_NAT;3320;PHARMACIE HOSPITALIERE EN SUS DU GHS;SNDS IR_NAT_V
PRS_NAT;3321;FORFAIT PHARMACEUTIQUE EN MATERNITE;SNDS IR_NAT_V
PRS_NAT;3322;MAJORATION POUR ACHAT HORS HEURES OUVRABLES;SNDS IR_NAT_V
PRS_NAT;3323;COPIE D ORDONNANCE;SNDS IR_NAT_V
PRS_NAT;3324;ECART MEDICAMENT INDEMNISABLE;SNDS IR_NAT_V
PRS_NAT;3325;MAJORATION PHARMACIE DES ILES;SNDS IR_NAT_V
PRS_NAT;3326;PREPARATION MAGISTRALE REMBOURSABLE;SNDS IR_NAT_V
PRS_NAT;3327;PREPARATION MAGISTRALE HOMEOPATHIQUE;SNDS IR_NAT_V
PRS_NAT;3328;MEDICAMENTS HOMEOPATHIQUES UNITAIRES;SNDS IR_NAT_V
PRS_NAT;3329;FORFAIT MEDICAMENT IVG VILLE;SNDS IR_NAT_V
PRS_NAT;3330;ECART INDEMNISABLE RETROCESSION;SNDS IR_NAT_V
PRS_NAT;3331;VACCIN ANTI-GRIPPE;SNDS IR_NAT_V
PRS_NAT;3332;VACCIN ROR;SNDS IR_NAT_V
PRS_NAT;3333;ANTI PALUDEEN;SNDS IR_NAT_V
PRS_NAT;3334;Vaccin anti grippe Hémisphère Sud VAXIGRIP HS;SNDS IR_NAT_V
PRS_NAT;3335;Vaccin anti grippe Hémisphère Sud FLUARIX HS;SNDS IR_NAT_V
PRS_NAT;3336;PHARMACIE SOUS ATU SEJOUR;SNDS IR_NAT_V
PRS_NAT;3337;FORFAIT FAUSSE COUCHE VILLE;SNDS IR_NAT_V
PRS_NAT;3338;FORFAIT FAUSSE COUCHE VILLE SANS ÉCHOGRAPHIE;SNDS IR_NAT_V
PRS_NAT;3339;FORFAIT FAUSSE COUCHE ETABLISSEMENT AVEC ECHOGRAPHIE;SNDS IR_NAT_V
PRS_NAT;3340;FORFAIT FAUSSE COUCHE ETABLISSEMENT SANS ECHOGRAPHIE;SNDS IR_NAT_V
PRS_NAT;3341;PHARMACIE 15%;SNDS IR_NAT_V
PRS_NAT;3342;PREPARATION MAGISTRALE ALLOPATHIQUE 15 %;SNDS IR_NAT_V
PRS_NAT;3343;PREPARATION MAGISTRALE ALLOPATHIQUE;SNDS IR_NAT_V
PRS_NAT;3344;ACCOMPAGNEMENT ANTIVITAMINE K INITIAL;SNDS IR_NAT_V
PRS_NAT;3345;ACCOMPAGNEMENT ANTIVITAMINE SUIVANT;SNDS IR_NAT_V
PRS_NAT;3346;ACCOMPAGNEMENT ANTICOAGULANTS ORAUX INITIAL;SNDS IR_NAT_V
PRS_NAT;3347;ACCOMPAGNEMENT ANTICOAGULANTS ORAUX DIRECTS SUIVANT;SNDS IR_NAT_V
PRS_NAT;3348;ACCOMP. SUIVI INITIAL;SNDS IR_NAT_V
PRS_NAT;3349;ACCOMP. SUIVI SUPPL.;SNDS IR_NAT_V
PRS_NAT;3350;BILAN MEDICATION AVEC CHANGEMENT DE TRAITEMENT;SNDS IR_NAT_V
PRS_NAT;3351;MEDICAMENT AVEC UNE AUTORISATION TEMPORAIRE D'UTILISATION;SNDS IR_NAT_V
PRS_NAT;3352;PREPARATION MAGISTRALE HOSPITALIRE;SNDS IR_NAT_V
PRS_NAT;3353;PREPARATION HOSPITALIERE;SNDS IR_NAT_V
PRS_NAT;3354;MEDICAMENT AVEC AUTORISATION D'IMPORTATION;SNDS IR_NAT_V
PRS_NAT;3355;MARGE FORFAITAIRE (MEDICAMENTS HOSPITALIERS);SNDS IR_NAT_V
PRS_NAT;3356;PHARMACIE HOSPITALIERE DEROGATOIRE;SNDS IR_NAT_V
PRS_NAT;3357;PHARMACIE HOSPITALIERE MMH;SNDS IR_NAT_V
PRS_NAT;3358;ACCOMPAGNEMENT CHIMIOTHERAPIE PATIENTS SOUS TRAITEMENTS ANTICANCEREUX AU LONG COURS POUR L'ANNEE INITIALE;SNDS IR_NAT_V
PRS_NAT;3359;TROD ANGINE PHARMACIEN;SNDS IR_NAT_V
PRS_NAT;3360;VACCINATION GRIPPE PHARMACIEN;SNDS IR_NAT_V
PRS_NAT;3361;GARDE PHARMACIE NUIT;SNDS IR_NAT_V
PRS_NAT;3362;GARDE PHARMACIE FERIE;SNDS IR_NAT_V
PRS_NAT;3363;GARDE PHARMACIE DIMANCHE;SNDS IR_NAT_V
PRS_NAT;3364;HONORAIRE MEDICAMENT REMBOURSABLE;SNDS IR_NAT_V
PRS_NAT;3365;HONORAIRE DISPENSATION EN LIEN AVEC AGE;SNDS IR_NAT_V
PRS_NAT;3366;HONORAIRE DE DISPENSATION MEDICAMENTS SPECIFIQUES;SNDS IR_NAT_V
PRS_NAT;3367;BILAN MEDICATION SANS CHANGEMENT DE TRAITEMENT;SNDS IR_NAT_V
PRS_NAT;3368;ACCOMPAGNEMENT CHIMIOTHERAPIE AUTRES TRAITEMENTS ANTICANCEREUX (PREMIERE ANNEE);SNDS IR_NAT_V
PRS_NAT;3369;CODE TRACEUR DISPENSATION ADAPTEE;SNDS IR_NAT_V
PRS_NAT;3370;ACCOMPAGNEMENT CHIMIOTHERAPIE SOUS TRAITEMENTS ANTICANCEREUX AU LONG COURS;SNDS IR_NAT_V
PRS_NAT;3371;PAIEMENT PONCTUEL PHARMACIE COVID;SNDS IR_NAT_V
PRS_NAT;3372;PAIEMENT PONCTUEL PHARMACIE;SNDS IR_NAT_V
PRS_NAT;3373;PHARMACIE EN SUS DU GMT;SNDS IR_NAT_V
PRS_NAT;3374;KIT ANTI-GRIPPE;SNDS IR_NAT_V
PRS_NAT;3375;REMUNERATION PHARMACIENS POUR VACCINS H1N1;SNDS IR_NAT_V
PRS_NAT;3376;ACCOMPAGNEMENT CHIMIOTHERAPIE AUTRES TRAITEMENTS ANTICANCEREUX;SNDS IR_NAT_V
PRS_NAT;3377;SPECIALITE PHARMACEUTIQUE ONEREUSE SSR;SNDS IR_NAT_V
PRS_NAT;3378;CONTESTATION ROSP TRANSMISSION RPPS;SNDS IR_NAT_V
PRS_NAT;3379;Honoraire de dispensation spécifique vaccins anti grippaux Hémisphère Sud;SNDS IR_NAT_V
PRS_NAT;3380;HONO DISP COMP;SNDS IR_NAT_V
PRS_NAT;3381;PREPARATION PHARMACEUTIQUE INDIVIDUALISEE (ALLERGENES);SNDS IR_NAT_V
PRS_NAT;3382;PRISE EN CHARGE DEROGATOIRE PHARMACIE;SNDS IR_NAT_V
PRS_NAT;3383;HONO DISP 1;SNDS IR_NAT_V
PRS_NAT;3384;HONO DISP 2;SNDS IR_NAT_V
PRS_NAT;3385;HONO DISP 4;SNDS IR_NAT_V
PRS_NAT;3386;HONO DISP 7;SNDS IR_NAT_V
PRS_NAT;3387;HONO DISP GC 1;SNDS IR_NAT_V
PRS_NAT;3388;HONO DISP GC 2;SNDS IR_NAT_V
PRS_NAT;3389;HONO DISP GC 4;SNDS IR_NAT_V
PRS_NAT;3390;HONO DISP GC 7;SNDS IR_NAT_V
PRS_NAT;3391;REMU OBJECTIF - PHARMACIEN;SNDS IR_NAT_V
PRS_NAT;3392;REMU OBJECTIF - PHARMACIEN COMPLEMENT;SNDS IR_NAT_V
PRS_NAT;3393;ROSP AVK;SNDS IR_NAT_V
PRS_NAT;3394;ROSP AVK COMPLEMENT;SNDS IR_NAT_V
PRS_NAT;3395;Plan personnalisé de santé pharmacie;SNDS IR_NAT_V
PRS_NAT;3396;ROSP ASTHME;SNDS IR_NAT_V
PRS_NAT;3397;ROSP ASTHME COMPLEMENT;SNDS IR_NAT_V
PRS_NAT;3398;ROSP TRANSMISSION RPPS;SNDS IR_NAT_V
PRS_NAT;3399;REMUNERATION PHARMACIENS POUR VACCINS H1N1 - REGULARISATION COMPTABLE ET SAISIE MANUELLE;SNDS IR_NAT_V
PRS_NAT;3400;REMUNERATION DISPENSATION ADAPTEE;SNDS IR_NAT_V
PRS_NAT;3401;CONTESTATION DISPENSATION ADAPTEE;SNDS IR_NAT_V
PRS_NAT;3402;TELESOINS PHARMACIE;SNDS IR_NAT_V
PRS_NAT;3403;REMUNERATION PHARMACIEN COVID 19;SNDS IR_NAT_V
PRS_NAT;3404;ENTRETIEN FEMME ENCEINTE;SNDS IR_NAT_V
PRS_NAT;3405;REMUNERATION LABO TESTS PCR COVID 19;SNDS IR_NAT_V
PRS_NAT;3406;REMU PHARMACIEN CANCER COLOREC.;SNDS IR_NAT_V
PRS_NAT;3407;CONTESTATION PHARM CANCER COLO.;SNDS IR_NAT_V
PRS_NAT;3408;REMISE KIT DCC;SNDS IR_NAT_V
PRS_NAT;3410;DISPENSATION PHARMACIE A DOMICILE;SNDS IR_NAT_V
PRS_NAT;3411;SANG,PLASMA ET LEURS DERIVES;SNDS IR_NAT_V
PRS_NAT;3412;TRANSPORT DU PRODUIT;SNDS IR_NAT_V
PRS_NAT;3413;LAIT HUMAIN;SNDS IR_NAT_V
PRS_NAT;3414;AUTRES PRODUITS D ORIGINE HUMAINE;SNDS IR_NAT_V
PRS_NAT;3415;RAPPEL VACCIN ADULTE PHARMACIEN;SNDS IR_NAT_V
PRS_NAT;3416;PHIE DEPISTAGE INFECTION URINAIRE;SNDS IR_NAT_V
PRS_NAT;3417;ROSP PHIE BON USAGE PDT SANTE;SNDS IR_NAT_V
PRS_NAT;3418;REMU PHIE EXCEPTIONNELLE;SNDS IR_NAT_V
PRS_NAT;3419;REMU PHIE DISPENSATION DOM;SNDS IR_NAT_V
PRS_NAT;3420;REMU PHIE DISPENSATION UNITE;SNDS IR_NAT_V
PRS_NAT;3421;PHIE EN AAC ET AAP - SEJOUR SSR;SNDS IR_NAT_V
PRS_NAT;3423;RDV PREVENTION PHARMACIE;SNDS IR_NAT_V
PRS_NAT;3424;PRESCRIPTION RENFORCEE REMBOURSABLE;SNDS IR_NAT_V
PRS_NAT;3425;PRESCRIPTION RENFORCEE INVALIDE;SNDS IR_NAT_V
PRS_NAT;3426;ENTRETIEN PATIENT ANTALGIQUE;SNDS IR_NAT_V
PRS_NAT;3427;REMU PRESCRIPTION VACCIN PH;SNDS IR_NAT_V
PRS_NAT;3428;ORIENTATION ACCOMPA TABACOLOGUE;SNDS IR_NAT_V
PRS_NAT;3429;ENTRETIEN PHARMACIEN TSN;SNDS IR_NAT_V
PRS_NAT;3430;ENTREE EQUIPE PATIENT;SNDS IR_NAT_V
PRS_NAT;3431;SORTIE EQUIPE PATIENT;SNDS IR_NAT_V
PRS_NAT;3432;RAPPEL VACCINATION PAR BIOLOGISTE;SNDS IR_NAT_V
PRS_NAT;3433;AIDE OFFICINES FRAGILES;SNDS IR_NAT_V
PRS_NAT;3434;UTILISATION OUTIL ESCAP;SNDS IR_NAT_V
PRS_NAT;3435;IMPLICATION OUTIL ESCAP;SNDS IR_NAT_V
PRS_NAT;3500;VERRE DE CLASSE B, UNIFOCAL SPHERO-CYLINDRIQUE A SPHERE POSITIVE COMPLEXE;SNDS IR_NAT_V
PRS_NAT;3501;VERRE DE CLASSE B, UNIFOCAL SPHERO-CYLINDRIQUE A SPHERE NEGATIVE TRES COMPLEXE;SNDS IR_NAT_V
PRS_NAT;3502;VERRE DE CLASSE B, UNIFOCAL SPHERO-CYLINDRIQUE A SPHERE POSITIVE SIMPLE;SNDS IR_NAT_V
PRS_NAT;3503;VERRE DE CLASSE B, UNIFOCAL SPHERO-CYLINDRIQUE A SPHERE NEGATIVE SIMPLE;SNDS IR_NAT_V
PRS_NAT;3504;VERRE DE CLASSE B, NEUTRE OU UNIFOCAL SPHERIQUE SIMPLE;SNDS IR_NAT_V
PRS_NAT;3505;MONTURE ENFANT DE CLASSE A;SNDS IR_NAT_V
PRS_NAT;3506;MONTURE ADULTE DE CLASSE A;SNDS IR_NAT_V
PRS_NAT;3507;VERRE DE CLASSE A, MULTIFOCAL OU PROGRESSIF TRES COMPLEXE;SNDS IR_NAT_V
PRS_NAT;3508;VERRE DE CLASSE A, MULTIFOCAL OU PROGRESSIF COMPLEXE;SNDS IR_NAT_V
PRS_NAT;3509;VERRE DE CLASSE A, UNIFOCAL COMPLEXE;SNDS IR_NAT_V
PRS_NAT;3510;VERRE DE CLASSE A, NEUTRE OU UNIFOCAL SIMPLE;SNDS IR_NAT_V
PRS_NAT;3511;APPAREILS D ASSISTANCE RESPIRATOIRE,OXYGENOTHERAPIE A DOMICILE;SNDS IR_NAT_V
PRS_NAT;3512;AUTRES MATERIELS POUR TRAITEMENTS A DOMICILE (CHAP. 1);SNDS IR_NAT_V
PRS_NAT;3513;MATERIELS ET APPAREILS DE CONTENTION ET DE MAINTIEN (CHAP. 2);SNDS IR_NAT_V
PRS_NAT;3514;MATERIELS ET APPAREILS POUR TRAITEMENTS DIVERS (CHAP. 3);SNDS IR_NAT_V
PRS_NAT;3515;ARTICLES DE PANSEMENTS (CHAP. 4);SNDS IR_NAT_V
PRS_NAT;3516;NUTRIMENTS POUR INTOLERANTS AU GLUTEN (CHAP. 3);SNDS IR_NAT_V
PRS_NAT;3517;ALIMENTS DESTINES A DES FINS MEDICALES;SNDS IR_NAT_V
PRS_NAT;3518;APPAREIL GENERATEUR D AEROSOL;SNDS IR_NAT_V
PRS_NAT;3519;VERRE DE CLASSE B, MULTIFOCAL OU PROGRESSIF SPHERO-CYLINDRIQUE A SPHERE NEGATIVE SIMPLE;SNDS IR_NAT_V
PRS_NAT;3520;VERRE DE CLASSE B, MULTIFOCAL OU PROGRESSIF SPHERO-CYLINDRIQUE A SPHERE POSITIVE SIMPLE;SNDS IR_NAT_V
PRS_NAT;3521;ORTHESES (PETIT APPAREILLAGE) (CHAP. 1);SNDS IR_NAT_V
PRS_NAT;3522;DIVERS ORTHESES;SNDS IR_NAT_V
PRS_NAT;3523;MONTURE MOINS DE 18 ANS CMU;SNDS IR_NAT_V
PRS_NAT;3524;OPTIQUE ENFANT -A- MULTIFOCAUX (CMU);SNDS IR_NAT_V
PRS_NAT;3525;OPTIQUE ENFANT -B- MULTIFOCAUX (CMU);SNDS IR_NAT_V
PRS_NAT;3526;OPTIQUE -N°6 MULTIFOCAUX (CMU);SNDS IR_NAT_V
PRS_NAT;3527;OPTIQUE -ENFANT-N°1 UNIFOCAUX (CMU);SNDS IR_NAT_V
PRS_NAT;3528;OPTIQUE -ENFANT-N°2 UNIFOCAUX (CMU);SNDS IR_NAT_V
PRS_NAT;3529;OPTIQUE -ENFANT-N°3 UNIFOCAUX (CMU);SNDS IR_NAT_V
PRS_NAT;3530;OPTIQUE -ENFANT-N°4 UNIFOCAUX (CMU);SNDS IR_NAT_V
PRS_NAT;3531;OPTIQUE MEDICALE PROPREMENT DIT;SNDS IR_NAT_V
PRS_NAT;3532;MONTURE/LUNETTE POUR ENFANT DE - DE 18 ANS CRPCEN (HORS CODAGE LPP);SNDS IR_NAT_V
PRS_NAT;3533;VERRES / VERRES POUR ENFANT<18 ans -CRPCEN- (hors codage LPP);SNDS IR_NAT_V
PRS_NAT;3534;REPARATION;SNDS IR_NAT_V
PRS_NAT;3535;LENTILLES OPTIQUES;SNDS IR_NAT_V
PRS_NAT;3536;VERRES UNIFOCAUX OP1 (CMU);SNDS IR_NAT_V
PRS_NAT;3537;VERRES UNIFOCAUX OP2 (CMU);SNDS IR_NAT_V
PRS_NAT;3538;VERRES UNIFOCAUX OP3 (CMU);SNDS IR_NAT_V
PRS_NAT;3539;VERRES UNIFOCAUX OP4 (CMU);SNDS IR_NAT_V
PRS_NAT;3540;PROTHESE AUDITIVE RAC ZERO;SNDS IR_NAT_V
PRS_NAT;3541;APPAREILS ELECTRONIQUES DE SURDITE (CHAP 3.);SNDS IR_NAT_V
PRS_NAT;3542;PROTHESES EXTERNES NON ORTHOPEDIQUES (CHAP. 4);SNDS IR_NAT_V
PRS_NAT;3543;PROTHESES OCULAIRES ET FACIALES (CHAP. 5);SNDS IR_NAT_V
PRS_NAT;3544;CHAUSSURES ORTHOPEDIQUES (CHAP. 6);SNDS IR_NAT_V
PRS_NAT;3545;ORTHOPROTHESES (CHAP 7.);SNDS IR_NAT_V
PRS_NAT;3546;APP / MAT PEC RENFORCEE;SNDS IR_NAT_V
PRS_NAT;3547;APPAREILS ELECTRONIQUES DE SURDITE (CONSOMMABLES Y.C. PILES);SNDS IR_NAT_V
PRS_NAT;3548;ORTHOPROTHESES COUTEUSES;SNDS IR_NAT_V
PRS_NAT;3549;PROCESSEUR POUR IMPLANT OSTE-INTEGRE;SNDS IR_NAT_V
PRS_NAT;3550;PROTHESE AUDITIVE SUIVI;SNDS IR_NAT_V
PRS_NAT;3551;IMPLANT INTERNE (CHAP. 1, 2 ET 3);SNDS IR_NAT_V
PRS_NAT;3552;IMPLANT MU PAR ELECTRICITE (CHAP. 4);SNDS IR_NAT_V
PRS_NAT;3553;OPTIQUE -ENFANT-N°5 UNIFOCAUX (CMU);SNDS IR_NAT_V
PRS_NAT;3554;OPTIQUE -ENFANT-N°6 UNIFOCAUX (CMU);SNDS IR_NAT_V
PRS_NAT;3555;OPTIQUE -ENFANT-N°7 UNIFOCAUX (CMU);SNDS IR_NAT_V
PRS_NAT;3556;OPTIQUE -ENFANT-N°8 UNIFOCAUX (CMU);SNDS IR_NAT_V
PRS_NAT;3557;OPTIQUE -ENFANT-N°9 UNIFOCAUX (CMU);SNDS IR_NAT_V
PRS_NAT;3558;LPP DEPAST PRIX LIMITE DE VENTE;SNDS IR_NAT_V
PRS_NAT;3559;VERRE DE CLASSE B, MULTIFOCAL OU PROGRESSIF SPHERIQUE SIMPLE;SNDS IR_NAT_V
PRS_NAT;3560;VERRE DE CLASSE B, UNIFOCAL SPHERIQUE COMPLEXE;SNDS IR_NAT_V
PRS_NAT;3561;VEHICULES POUR HANDICAPES PHYSIQUES;SNDS IR_NAT_V
PRS_NAT;3562;VERRE DE CLASSE B, UNIFOCAL SPHERO-CYLINDRIQUE A SPHERE NEGATIVE COMPLEXE;SNDS IR_NAT_V
PRS_NAT;3563;MONTURE ADULTE DE CLASSE B;SNDS IR_NAT_V
PRS_NAT;3564;MONTURE ENFANT DE CLASSE B;SNDS IR_NAT_V
PRS_NAT;3565;OPTIQUE - ADAPTATION VERRE DE CLASSE A;SNDS IR_NAT_V
PRS_NAT;3566;VERRE DE CLASSE B, MULTIFOCAL OU PROGRESSIF SPHERIQUE COMPLEXE;SNDS IR_NAT_V
PRS_NAT;3567;VERRE DE CLASSE B, MULTIFOCAL OU PROGRESSIF SPHERO-CYLINDRIQUE A SPHERE NEGATIVE COMPLEXE;SNDS IR_NAT_V
PRS_NAT;3568;VERRE DE CLASSE B, MULTIFOCAL OU PROGRESSIF SPHERO-CYLINDRIQUE A SPHERE NEGATIVE TRES COMPLEXE;SNDS IR_NAT_V
PRS_NAT;3569;VERRE DE CLASSE B, MULTIFOCAL OU PROGRESSIF SPHERO-CYLINDRIQUE A SPHERE POSITIVE COMPLEXE;SNDS IR_NAT_V
PRS_NAT;3570;OPTIQUE - AUTRE SUPPLEMENT;SNDS IR_NAT_V
PRS_NAT;3572;ECART TIPS INDEMNISABLE;SNDS IR_NAT_V
PRS_NAT;3573;FOURNITURE ET EQUIPEMENT DEROGATOIRES;SNDS IR_NAT_V
PRS_NAT;3574;DISPOSITIF MEDICAL (PRISE EN CHARGE EXCEPTIONNELLE);SNDS IR_NAT_V
PRS_NAT;3575;COMPLEMENT AT 150% LPP;SNDS IR_NAT_V
PRS_NAT;3576;PRESTATION PARTICULIERE ET PANDEMIE;SNDS IR_NAT_V
PRS_NAT;3577;DELIVRANCE TAG PHIE;SNDS IR_NAT_V
PRS_NAT;3578;OPTIQUE CLASSE A - SUPPLEMENT POUR MONTURE DE LUNETTES A COQUE - MOINS DE 6 ANS;SNDS IR_NAT_V
PRS_NAT;3579;OPTIQUE CLASSE B - SUPPLEMENT POUR MONTURE DE LUNETTES A COQUE - MOINS DE 6 ANS;SNDS IR_NAT_V
PRS_NAT;3580;OPTIQUE - ADAPTATION VERRE DE CLASSE B;SNDS IR_NAT_V
PRS_NAT;3581;VERRES UNIFOCAUX OP5(CMU);SNDS IR_NAT_V
PRS_NAT;3582;VERRES UNIFOCAUX OP6(CMU);SNDS IR_NAT_V
PRS_NAT;3583;MONTURE (CMU);SNDS IR_NAT_V
PRS_NAT;3584;OPTIQUE - APPAIRAGE NIVEAU 1, 2 OU 3 VERRE DE CLASSE A;SNDS IR_NAT_V
PRS_NAT;3585;OPTIQUE - SUPPLEMENT POUR VERRES TEINTES (PLAFONNE);SNDS IR_NAT_V
PRS_NAT;3586;PROTHESE AUDITIVE PANIER 1 - RESTE A CHARGE ZERO - OREILLE GAUCHE;SNDS IR_NAT_V
PRS_NAT;3587;PROTHESE AUDITIVE PANIER 1 - RESTE A CHARGE ZERO - OREILLE DROITE;SNDS IR_NAT_V
PRS_NAT;3588;PROTHESE AUDITIVE PANIER 2 - AVEC RESTE A CHARGE - OREILLE GAUCHE;SNDS IR_NAT_V
PRS_NAT;3589;PROTHESE AUDITIVE PANIER 2 - AVEC RESTE A CHARGE - OREILLE DROITE;SNDS IR_NAT_V
PRS_NAT;3590;PROTHESES AUDITIVES - ACCESSOIRES;SNDS IR_NAT_V
PRS_NAT;3591;PRISE EN CHARGE DEROGATOIRE LPP;SNDS IR_NAT_V
PRS_NAT;3592;PEC EXCEPTIONNELLE DÉPASSEMENT LPP;SNDS IR_NAT_V
PRS_NAT;3593;TELESURVEILLANCE : FOURNISSEUR DE LA SOLUTION;SNDS IR_NAT_V
PRS_NAT;3594;PEC EXCEPTIONNELLE DEPASSEMENT LPP TP;SNDS IR_NAT_V
PRS_NAT;3595;PROTHESES AUDITIVES - PILES;SNDS IR_NAT_V
PRS_NAT;3596;DELIVRANCE DE MASQUE;SNDS IR_NAT_V
PRS_NAT;3597;TELESURVEILLANCE COMMUN;SNDS IR_NAT_V
PRS_NAT;3598;DELIVRANCE AUTOTESTS EN PHIE;SNDS IR_NAT_V
PRS_NAT;3599;REALISATION TAG EN PHIE;SNDS IR_NAT_V
PRS_NAT;3600;PRESERVATIFS GRATUITS;SNDS IR_NAT_V
PRS_NAT;3601;TELESURVEILLANCE DEROGATOIRE;SNDS IR_NAT_V
PRS_NAT;3602;SUPPLT CONDITIONNEL OPTIQUE CLS A;SNDS IR_NAT_V
PRS_NAT;3610;SUPPLEMENT DEROGATOIRE SG SUR PRESTATION PHARMACIE NON REMBOURSABLE (CNMSS);SNDS IR_NAT_V
PRS_NAT;3611;SUPPLEMENT DEROGATOIRE SG SUR PRESTATION SANITAIRE NON REMBOURSABLE (CNMSS);SNDS IR_NAT_V
PRS_NAT;3612;SUPPLEMENT DEROGATOIRE SG SUR PRESTATION SANITAIRE REMBOURSABLE (CNMSS);SNDS IR_NAT_V
PRS_NAT;4111;FORFAIT DE SURVEILLANCE MEDICALE 1ER HANDICAP;SNDS IR_NAT_V
PRS_NAT;4112;FORFAIT DE SURVEILLANCE MEDICALE REDUIT 2EME HANDICAP;SNDS IR_NAT_V
PRS_NAT;4113;PRATIQUES MEDICALES COMPLEMENTAIRES COTEES EN K;SNDS IR_NAT_V
PRS_NAT;4114;COMPLEMENT SURVEILLANCE THERMALE;SNDS IR_NAT_V
PRS_NAT;4131;FRAIS DE TRANSPORT - CURES THERMALES;SNDS IR_NAT_V
PRS_NAT;4132;FRAIS D HOTEL - CURES THERMALES;SNDS IR_NAT_V
PRS_NAT;4141;FORFAIT THERMAL 1;SNDS IR_NAT_V
PRS_NAT;4142;FORFAIT THERMAL 2 AVEC KINESITEHRAPIE;SNDS IR_NAT_V
PRS_NAT;4143;FORFAIT THERMAL 2EME ORIENTATION;SNDS IR_NAT_V
PRS_NAT;4144;FORFAIT THERMAL 3 AVEC 9 SEANCES KINESITHERAPIE;SNDS IR_NAT_V
PRS_NAT;4145;FORFAIT THERMAL 72 SEANCES AVEC KINE;SNDS IR_NAT_V
PRS_NAT;4151;FORFAIT THERMAL 18 SEANCES COLLECTIVES;SNDS IR_NAT_V
PRS_NAT;4152;FORFAIT THERMAL 18 SEANCES INDIVIDUELLES;SNDS IR_NAT_V
PRS_NAT;4153;FORFAIT THERMAL 9 SEANCES COLLECTIVES;SNDS IR_NAT_V
PRS_NAT;4154;FORFAIT THERMAL 9 SEANCES INDIVIDUELLES;SNDS IR_NAT_V
PRS_NAT;4155;THERMAL-SEVRAGE DES PSYCHOTROPES;SNDS IR_NAT_V
PRS_NAT;4156;THERMAL-SUITE CANCER DU SEIN;SNDS IR_NAT_V
PRS_NAT;4157;THERMAL-TROUBLE COMPORTEMENT 72 SEANCES;SNDS IR_NAT_V
PRS_NAT;4158;THERMAL-TROUBLE COMPORTEMENT 108 SEANCES;SNDS IR_NAT_V
PRS_NAT;4159;DETECTION FRAGILITE SENIOR MILIEU THERMAL;SNDS IR_NAT_V
PRS_NAT;4203;SUPPLEMENT TRANSPORT PERSONNE MOBILITE REDUITE;SNDS IR_NAT_V
PRS_NAT;4204;FORFAIT TRANSPORT URGENCE EXTRAMUROS CPAM MEUSE;SNDS IR_NAT_V
PRS_NAT;4205;FORFAIT TRANSPORT URGENCE INTRAMUROS CPAM MEUSE;SNDS IR_NAT_V
PRS_NAT;4206;PRESTATION FIN DE GARDE AMBULANCE;SNDS IR_NAT_V
PRS_NAT;4207;FORFAIT TRANSPORT D'URGENCE EXPERIMENTATION CPAM AUDE;SNDS IR_NAT_V
PRS_NAT;4208;FORFAIT D'URGENCE SUR APPEL DU SAMU EXPERIMENTATION CPAM BOUCHES-DU-RHONE;SNDS IR_NAT_V
PRS_NAT;4209;COMPLEMENT TRANSPORTS D'URGENCE;SNDS IR_NAT_V
PRS_NAT;4210;Taxi tarif A;SNDS IR_NAT_V
PRS_NAT;4211;SERVICES MOBILES D URGENCE ET DE REANIMATION (SMUR);SNDS IR_NAT_V
PRS_NAT;4212;AMBULANCES AGREEES;SNDS IR_NAT_V
PRS_NAT;4213;VEHICULES SANITAIRES LEGERS (VSL);SNDS IR_NAT_V
PRS_NAT;4214;TAXIS;SNDS IR_NAT_V
PRS_NAT;4215;VEHICULES PERSONNELS;SNDS IR_NAT_V
PRS_NAT;4216;TRANSPORT REEDUCATION PROFESSIONNEL;SNDS IR_NAT_V
PRS_NAT;4217;Taxi tarif B;SNDS IR_NAT_V
PRS_NAT;4218;Taxi tarif C;SNDS IR_NAT_V
PRS_NAT;4219;AUTRES MODES DE TRANSPORT;SNDS IR_NAT_V
PRS_NAT;4220;Taxi tarif D;SNDS IR_NAT_V
PRS_NAT;4221;AMBULANCE AGREEE DE GARDE;SNDS IR_NAT_V
PRS_NAT;4222;INDEMNITE DE GARDE AMBULANCIERE;SNDS IR_NAT_V
PRS_NAT;4223;PART ASSOCIATION TRANSPORTEUR;SNDS IR_NAT_V
PRS_NAT;4224;PRATIQUE DE GEO LOCALISATION PAR DISPOSITIF EMBARQUE;SNDS IR_NAT_V
PRS_NAT;4225;FORFAIT TRANSPORT PARTAGE PAR 2 PERSONNES;SNDS IR_NAT_V
PRS_NAT;4226;FORFAIT TRANSPORT PARTAGE PAR 3 PERSONNES;SNDS IR_NAT_V
PRS_NAT;4227;CONTRAT D'AMELIORATION DE LA QUALITE ET DE LA COORDINATION DES SOINS;SNDS IR_NAT_V
PRS_NAT;4228;CONTRAT D'AMELIORATION DE LA QUALITE ET DE LA COORDINATION DES SOINS COMPLEMENT;SNDS IR_NAT_V
PRS_NAT;4229;Taxi tarif F;SNDS IR_NAT_V
PRS_NAT;4230;PAIEMENT SORTIE BLANCHE;SNDS IR_NAT_V
PRS_NAT;4231;COMPLEMENT MINIMUM GARANTI;SNDS IR_NAT_V
PRS_NAT;4232;INTERVENTION DURANT GARDE;SNDS IR_NAT_V
PRS_NAT;4233;INTERVENTION HORS GARDE;SNDS IR_NAT_V
PRS_NAT;4234;INDICIAIRE TRANSPORT PARTAGE;SNDS IR_NAT_V
PRS_NAT;4235;REMBT FRAIS PARKING;SNDS IR_NAT_V
PRS_NAT;4236;AVION EVACUATION SANITAIRE;SNDS IR_NAT_V
PRS_NAT;4237;AVION TRANSPORT SANITAIRE;SNDS IR_NAT_V
PRS_NAT;4238;BATEAU EVACUATION SANITAIRE;SNDS IR_NAT_V
PRS_NAT;4239;BATEAU TRANSPORT SANITAIRE;SNDS IR_NAT_V
PRS_NAT;4240;TRAIN EVACUATION SANITAIRE;SNDS IR_NAT_V
PRS_NAT;4241;TRAIN TRANSPORT SANITAIRE;SNDS IR_NAT_V
PRS_NAT;4242;REFUS TRANSPORT PARTAGE;SNDS IR_NAT_V
PRS_NAT;4243;FORFAIT TAXI PEC - ACC;SNDS IR_NAT_V
PRS_NAT;4244;PRISE EN CHARGE ACCOMP GRDE VILLE;SNDS IR_NAT_V
PRS_NAT;4245;MONTANT KM TAXI;SNDS IR_NAT_V
PRS_NAT;4246;SUPPLEMENT FORFAITAIRE TAXI;SNDS IR_NAT_V
PRS_NAT;4247;SUPPLEMENT TAXI PEAGE;SNDS IR_NAT_V
PRS_NAT;4248;TPORT PART TXI TRAJ SEUL;SNDS IR_NAT_V
PRS_NAT;4249;TPORT PART TXI TRAJ 2 PERSONNES;SNDS IR_NAT_V
PRS_NAT;4250;TPORT PART TXI TRAJ 3 PERSONNES;SNDS IR_NAT_V
PRS_NAT;4251;TPORT PART TXI TRAJ 4 PERSONNES;SNDS IR_NAT_V
PRS_NAT;4252;RETOUR VIDE TXI SUITE TRAJET HOSP;SNDS IR_NAT_V
PRS_NAT;4253;TRAJET TAXI NUIT;SNDS IR_NAT_V
PRS_NAT;4254;TRAJET TAXI DIMANCHE FERIE;SNDS IR_NAT_V
PRS_NAT;4255;TRANSPORT BARIATRIQUE;SNDS IR_NAT_V
PRS_NAT;4310;FRAIS EXPERTISE CONTENTIEUX MALADIE;SNDS IR_NAT_V
PRS_NAT;4311;FRAIS DE DEPLACEMENT - ENQU'TE LEGALE AT;SNDS IR_NAT_V
PRS_NAT;4312;FRAIS DE DEPLACEMENT - COLLEGE 3 MEDECINS;SNDS IR_NAT_V
PRS_NAT;4313;HONORAIRES;SNDS IR_NAT_V
PRS_NAT;4314;ENQUETE;SNDS IR_NAT_V
PRS_NAT;4315;AUTOPSIE;SNDS IR_NAT_V
PRS_NAT;4316;FRAIS EXPERTISE AMIABLE;SNDS IR_NAT_V
PRS_NAT;4317;HONORAIRE COMITE REGIONAL RECONNAISSANCE Maladie Professionnelle;SNDS IR_NAT_V
PRS_NAT;4318;DEPLACEMENT COMITE REGIONAL RECONNAISSANCE MP;SNDS IR_NAT_V
PRS_NAT;4319;DEPLACEMENT PERSONNE ENTENDUE (CRRMP);SNDS IR_NAT_V
PRS_NAT;4320;AVIS SAPITEUR;SNDS IR_NAT_V
PRS_NAT;4321;FRAIS FUNERAIRES;SNDS IR_NAT_V
PRS_NAT;4322;TRANSPORT DU CORPS;SNDS IR_NAT_V
PRS_NAT;4323;INDEMNITE ALLOUEE EN REPARATION DES PREJUDICES EXTRA-PATRIMOMIAUX;SNDS IR_NAT_V
PRS_NAT;4324;INDEMNITE DE CHANGEMENT D EMPLOI;SNDS IR_NAT_V
PRS_NAT;4325;INDEMNITE COMPLEMENTAIRE POUR REEDUCATION PROFESSIONNELLE;SNDS IR_NAT_V
PRS_NAT;4326;PRETIUM PULCHRITUDINIS;SNDS IR_NAT_V
PRS_NAT;4327;PRETIUM SEXUALE;SNDS IR_NAT_V
PRS_NAT;4328;PREJUDICE D'AGREMENT;SNDS IR_NAT_V
PRS_NAT;4329;PREJUDICE PERTE OU DIMINUTION PROMOTION PROFESSIONNELLE;SNDS IR_NAT_V
PRS_NAT;4330;PREJUDICES EXTRA PATRIMONIAUX - HORS IV;SNDS IR_NAT_V
PRS_NAT;4331;REMBOURSEMENTS DE SOINS A L ETRANGER (ET1 A ET6 ET ET8 A ET9, ETB ETA, ETH, ETT, ETP, ETX, ETD );SNDS IR_NAT_V
PRS_NAT;4332;PREJUDICE AMIANTE;SNDS IR_NAT_V
PRS_NAT;4333;FRAIS EXPERTISE CTX AT;SNDS IR_NAT_V
PRS_NAT;4334;ENIM - SOINS ST PIERRE MIQUELON;SNDS IR_NAT_V
PRS_NAT;4335;ENIM - SOINS POLYNESIE;SNDS IR_NAT_V
PRS_NAT;4336;ENIM - SOINS NVLE CALEDONIE;SNDS IR_NAT_V
PRS_NAT;4337;PROTECTIONS MENSTRUELLES;SNDS IR_NAT_V
PRS_NAT;4339;REMBOURSEMENT DE SOINS;SNDS IR_NAT_V
PRS_NAT;4341;FRAIS DE TUTELLE;SNDS IR_NAT_V
PRS_NAT;4342;COTISATIONS A.T. EN CAS DE READAPTATION FONCTIONNELLE;SNDS IR_NAT_V
PRS_NAT;4343;COTISATIONS A.T. EN CAS DE REEDUCATION PROFESSIONNELLE;SNDS IR_NAT_V
PRS_NAT;4351;PRIME DE FIN DE REEDUCATION;SNDS IR_NAT_V
PRS_NAT;4352;AUTRES PRESTATIONS DIVERSES;SNDS IR_NAT_V
PRS_NAT;4353;INDEMNITE POUR PERTE DE SALAIRE (MALADIE, AT);SNDS IR_NAT_V
PRS_NAT;4359;FORFAIT UTILISATION DES TELESERVICES;SNDS IR_NAT_V
PRS_NAT;4360;FORFAIT PARTICIPATION A LA TELETRANSMISSION;SNDS IR_NAT_V
PRS_NAT;4361;FACTURATION FEUILLE DE SOINS (POUR INFORMATION);SNDS IR_NAT_V
PRS_NAT;4363;AIDE A LA FACTURATION FEUILLE DES FLUX NON SECURISES;SNDS IR_NAT_V
PRS_NAT;4364;AIDE MAINTENANCE TELETRANSMISSION;SNDS IR_NAT_V
PRS_NAT;4365;AIDE PORTABLE TELETRANSMISSION;SNDS IR_NAT_V
PRS_NAT;4366;AIDE DEMARRAGE TELETRANSMISSION;SNDS IR_NAT_V
PRS_NAT;4367;AIDE ADHESION RAPIDE DISPOSITIF;SNDS IR_NAT_V
PRS_NAT;4368;FORFAIT STRUCTURE CENTRE DE SANTE;SNDS IR_NAT_V
PRS_NAT;4369;FORFAIT PROFESSIONNEL DE SANTE CENTRE DE SANTE;SNDS IR_NAT_V
PRS_NAT;4370;FORFAIT D'INCITATION FORFAITAIRE A LA NUMERISATION ET A LA TRANSMISSION;SNDS IR_NAT_V
PRS_NAT;4371;FORFAIT DE SOINS MEDICALISES (REGIME DES MINISTRES DES CULTES ET DES MEMBRES CONGR. ET COLL.RELIGIEUSES);SNDS IR_NAT_V
PRS_NAT;4372;FORFAIT REPOS CONVALESCENCE (REGIME DES MINISTRES DES CULTES ET DES MEMBRES CONGR. ET COLL.RELIGIEUSES);SNDS IR_NAT_V
PRS_NAT;4373;EXAMEN DE SANTE;SNDS IR_NAT_V
PRS_NAT;4374;MÉCANISME DE COMPENSATION AUX CENTRES DE SANTÉ;SNDS IR_NAT_V
PRS_NAT;4375;AIDE OUTIL DE MISE A JOUR;SNDS IR_NAT_V
PRS_NAT;4376;LIGNE TELEPHONIQUE DEDIEE;SNDS IR_NAT_V
PRS_NAT;4377;PIED SUPPORT MATERIEL;SNDS IR_NAT_V
PRS_NAT;4378;SUPPLEMENT OFFICINE DOM;SNDS IR_NAT_V
PRS_NAT;4379;AVANCE RÉMUNÉRATION SPÉCIFIQUE CENTRES DE SANTÉ;SNDS IR_NAT_V
PRS_NAT;4380;SOLDE RÉMUNÉRATION SPÉCIFIQUE CENTRES DE SANTÉ;SNDS IR_NAT_V
PRS_NAT;4381;ACTES NON NOMENCLATURE;SNDS IR_NAT_V
PRS_NAT;4382;PHARMACIE NON REMBOURSABLE;SNDS IR_NAT_V
PRS_NAT;4391;RESPONSABILITE CIVILE PROFESSIONNELLE;SNDS IR_NAT_V
PRS_NAT;4392;RESPONSABILITE CIVILE ECHOGRAPHIE OBSTETRICALE;SNDS IR_NAT_V
PRS_NAT;4393;RESPONSABILITE CIVILE CHIRURGIE 1;SNDS IR_NAT_V
PRS_NAT;4394;RESPONSABILITE CIVILE CHIRURGIE 2;SNDS IR_NAT_V
PRS_NAT;4395;RESPONSABILITE CIVILE ANESTHESIE REANIMATION;SNDS IR_NAT_V
PRS_NAT;4396;PRIME RESPONSABILITE SPECIALISTE;SNDS IR_NAT_V
PRS_NAT;4397;PRIME ACCREDITATION SPECIALISTE;SNDS IR_NAT_V
PRS_NAT;4400;CREDIT AMORCAGE CENTRE SANTE SEXUELLE;SNDS IR_NAT_V
PRS_NAT;4401;DOTATION HORS MURS CENTRE SANTE SEXUEL;SNDS IR_NAT_V
PRS_NAT;4402;DOTATION CONSULT PARCOURS CENTRE SANTE SEXUEL;SNDS IR_NAT_V
PRS_NAT;4411;AIDE SOCIALE;SNDS IR_NAT_V
PRS_NAT;4412;DISPENSAIRES ANTITUBERCULEUX;SNDS IR_NAT_V
PRS_NAT;4413;DISPENSAIRES ANTIVENERIENS;SNDS IR_NAT_V
PRS_NAT;4414;HYGIENE MENTALE;SNDS IR_NAT_V
PRS_NAT;4415;ETABLISSEMENTS DE LUTTE CONTRE LA TUBERCULOSE;SNDS IR_NAT_V
PRS_NAT;4416;PROTECTION MATERNELLE ET INFANTILE;SNDS IR_NAT_V
PRS_NAT;4417;AUTRES PARTICIPATIONS FORFAITAIRES NON INDIVIDUALISEES;SNDS IR_NAT_V
PRS_NAT;4419;AUTRES DEPENSES NON INDIVIDUALISEES;SNDS IR_NAT_V
PRS_NAT;4501;CONTROLES MEDICAUX (CLERCS ET EMPLOYES DE NOTAIRES);SNDS IR_NAT_V
PRS_NAT;4511;CAPITAL DECES;SNDS IR_NAT_V
PRS_NAT;4512;FORFAIT CDC COTISANT TI;SNDS IR_NAT_V
PRS_NAT;4513;FORFAIT CDC RETRAITE TI;SNDS IR_NAT_V
PRS_NAT;4514;FORFAIT CDC POLY-RETRAITE;SNDS IR_NAT_V
PRS_NAT;4515;ALLOCATION ORPHELIN D'UN TRAVAILLEUR INDEPENDANT DECEDE;SNDS IR_NAT_V
PRS_NAT;4611;FORFAIT DIVERS PAYES A LA STRUCTURE DE SOINS (FILIERES ET RESEAUX);SNDS IR_NAT_V
PRS_NAT;4612;FORFAIT D EDUCATION THERAPEUTIQUE ET D INTERESSEMENT (FILIERES ET RESEAUX);SNDS IR_NAT_V
PRS_NAT;5101;FORFAIT VERRES UNIFOCAUX OP1;SNDS IR_NAT_V
PRS_NAT;5102;FORFAIT VERRES UNIFOCAUX OP2;SNDS IR_NAT_V
PRS_NAT;5103;FORFAIT VERRES UNIFOCAUX OP3;SNDS IR_NAT_V
PRS_NAT;5104;FORFAIT VERRES UNIFOCAUX OP4;SNDS IR_NAT_V
PRS_NAT;5105;FORFAIT VERRES UNIFOCAUX OP5;SNDS IR_NAT_V
PRS_NAT;5106;FORFAIT VERRES UNIFOCAUX OP6;SNDS IR_NAT_V
PRS_NAT;5107;FORFAIT MONTURE CMU;SNDS IR_NAT_V
PRS_NAT;5108;FORFAIT CMUC MONTURE MOINS DE 18 ANS OME;SNDS IR_NAT_V
PRS_NAT;5109;FORFAIT MONTURE MOINS DE 18 ANS CMU OV1;SNDS IR_NAT_V
PRS_NAT;5110;FORFAIT MONTURE MOINS DE 18 ANS CMU OV2;SNDS IR_NAT_V
PRS_NAT;5111;FORFAIT MONTURE MOINS DE 18 ANS CMU OV3;SNDS IR_NAT_V
PRS_NAT;5112;FORFAIT MONTURE MOINS DE 18 ANS CMU OV4;SNDS IR_NAT_V
PRS_NAT;5113;FORFAIT MONTURE MOINS DE 18 ANS CMU OV5;SNDS IR_NAT_V
PRS_NAT;5114;FORFAIT MONTURE MOINS DE 18 ANS CMU OV6;SNDS IR_NAT_V
PRS_NAT;5115;FORFAIT MONTURE MOINS DE 18 ANS CMU OV7;SNDS IR_NAT_V
PRS_NAT;5116;FORFAIT MONTURE MOINS DE 18 ANS CMU OV8;SNDS IR_NAT_V
PRS_NAT;5117;FORFAIT MONTURE MOINS DE 18 ANS CMU OV9;SNDS IR_NAT_V
PRS_NAT;5118;FORFAIT MONTURE MOINS DE 18 ANS CMU OVA;SNDS IR_NAT_V
PRS_NAT;5119;FORFAIT MONTURE MOINS DE 18 ANS CMU OVB;SNDS IR_NAT_V
PRS_NAT;5120;FORFAIT MONTURE MOINS DE 18 ANS CMU OP7;SNDS IR_NAT_V
PRS_NAT;5121;FORFAIT C2S - VERRE DE CLASSE A, NEUTRE OU UNIFOCAL SIMPLE;SNDS IR_NAT_V
PRS_NAT;5122;FORFAIT C2S - VERRE DE CLASSE A, UNIFOCAL COMPLEXE;SNDS IR_NAT_V
PRS_NAT;5123;FORFAIT C2S - VERRE DE CLASSE A, MULTIFOCAL OU PROGRESSIF COMPLEXE;SNDS IR_NAT_V
PRS_NAT;5124;FORFAIT C2S - VERRE DE CLASSE A, MULTIFOCAL OU PROGRESSIF TRES COMPLEXE;SNDS IR_NAT_V
PRS_NAT;5125;FORFAIT C2S - MONTURE ADULTE DE CLASSE A;SNDS IR_NAT_V
PRS_NAT;5126;FORFAIT C2S - MONTURE ENFANT DE CLASSE A;SNDS IR_NAT_V
PRS_NAT;5127;FORFAIT C2S - OPTIQUE - ADAPTATION VERRE DE CLASSE A;SNDS IR_NAT_V
PRS_NAT;5128;FORFAIT C2S - OPTIQUE CLASSE A - SUPPLEMENT POUR MONTURE DE LUNETTES A COQUE - MOINS DE 6 ANS;SNDS IR_NAT_V
PRS_NAT;5129;FORFAIT C2S - OPTIQUE - APPAIRAGE NIVEAU 1, 2 OU 3 VERRE DE CLASSE A;SNDS IR_NAT_V
PRS_NAT;5130;FORFAIT C2S - OPTIQUE - SUPPLEMENT POUR VERRES TEINTES (PLAFONNE);SNDS IR_NAT_V
PRS_NAT;5131;FORFAIT C2S - APP / MAT PEC RENFORCEE;SNDS IR_NAT_V
PRS_NAT;5201;FORFAIT PROTHESE DENTAIRE ADJOINTE;SNDS IR_NAT_V
PRS_NAT;5202;FORFAIT REPARATION PROTHESE ADJOINTE;SNDS IR_NAT_V
PRS_NAT;5203;FORFAIT PROTHESE DENTAIRE CONJOINTE;SNDS IR_NAT_V
PRS_NAT;5204;FORFAIT ORTHODONTIE;SNDS IR_NAT_V
PRS_NAT;5205;FORFAIT PROTHESE CONJOINTE (C2S HORS PANIER DE SOINS);SNDS IR_NAT_V
PRS_NAT;5206;FORFAIT ORTHODONTIQUE (C2S HORS PANIER DE SOINS);SNDS IR_NAT_V
PRS_NAT;5401;FORFAIT AUDIO-PROTHESE;SNDS IR_NAT_V
PRS_NAT;5402;FORFAIT C2S PROTHESE AUDITIVE PANIER 2 - AVEC RESTE A CHARGE - OREILLE GAUCHE;SNDS IR_NAT_V
PRS_NAT;5403;FORFAIT CMU/C2S PROTHESE AUDITIVE PANIER 2 - AVEC RESTE A CHARGE - OREILLE DROITE;SNDS IR_NAT_V
PRS_NAT;6011;CARENCE -;SNDS IR_NAT_V
PRS_NAT;6012;CARENCE +;SNDS IR_NAT_V
PRS_NAT;6013;IJ CARENCE (CRPCEN);SNDS IR_NAT_V
PRS_NAT;6014;COMPLEMENT IJ >PLAFOND (CRPCEN);SNDS IR_NAT_V
PRS_NAT;6110;IJ NORMALES + 6MOIS;SNDS IR_NAT_V
PRS_NAT;6111;IJ NORMALES -3 MOIS;SNDS IR_NAT_V
PRS_NAT;6112;IJ NORMALES +3MOIS;SNDS IR_NAT_V
PRS_NAT;6113;IJ REDUITES -3MOIS;SNDS IR_NAT_V
PRS_NAT;6114;IJ REDUITES +3MOIS;SNDS IR_NAT_V
PRS_NAT;6115;IJ MAJOREES -3MOIS;SNDS IR_NAT_V
PRS_NAT;6116;IJ MAJOREES +3MOIS;SNDS IR_NAT_V
PRS_NAT;6117;IJ PARTIELLE, PERTE DE SALAIRE -3MOIS;SNDS IR_NAT_V
PRS_NAT;6118;IJ PARTIELLE, PERTE DE SALAIRE +3MOIS;SNDS IR_NAT_V
PRS_NAT;6119;IJ MAJOREES + 6 MOIS;SNDS IR_NAT_V
PRS_NAT;6120;INDEMNITE TEMPORAIRE D'INAPTITUDE AT/MP;SNDS IR_NAT_V
PRS_NAT;6121;IJ PRENATALES;SNDS IR_NAT_V
PRS_NAT;6122;IJ POSTNATALES;SNDS IR_NAT_V
PRS_NAT;6123;IJ EN CAS D ADOPTION;SNDS IR_NAT_V
PRS_NAT;6124;IJ CONGE SUPPLEMENTAIRE PREMA;SNDS IR_NAT_V
PRS_NAT;6125;INDEMNITE REMPLACEMENT CONJOINTS COLLABORATEURS TI;SNDS IR_NAT_V
PRS_NAT;6126;FORFAIT GROSSESSE TAUX PLEIN TI;SNDS IR_NAT_V
PRS_NAT;6127;FORFAIT GROSSESSE TAUX REDUIT TI;SNDS IR_NAT_V
PRS_NAT;6128;FORFAIT ADOPTION TAUX PLEIN TI;SNDS IR_NAT_V
PRS_NAT;6129;FORFAIT ADOPTION TAUX REDUIT TI;SNDS IR_NAT_V
PRS_NAT;6131;IJ NORMALES POUR CURE THERMALE;SNDS IR_NAT_V
PRS_NAT;6132;IJ MAJOREES POUR CURE THERMALE;SNDS IR_NAT_V
PRS_NAT;6133;IJ REDUITES POUR CURE THERMALE;SNDS IR_NAT_V
PRS_NAT;6134;IJ MALADIE PAMC MOINS DE 3 MOIS;SNDS IR_NAT_V
PRS_NAT;6135;IJ MALADIE PAMC PLUS DE 3 MOIS;SNDS IR_NAT_V
PRS_NAT;6191;INDEMNITE DE NOURRITURE;SNDS IR_NAT_V
PRS_NAT;6200;CONGES DE NAISSANCE - 1ER MOIS;SNDS IR_NAT_V
PRS_NAT;6201;CONGES DE NAISSANCE - 2EME MOIS;SNDS IR_NAT_V
PRS_NAT;6208;FORFAIT CONGE REPIT POUR DECES DE L'ENFANT PAMC;SNDS IR_NAT_V
PRS_NAT;6209;CONGE REPIT POUR DECES DE L'ENFANT;SNDS IR_NAT_V
PRS_NAT;6210;IJ PATERNITE HOSPITALISATION ENFANT;SNDS IR_NAT_V
PRS_NAT;6211;ALLOCATION FEMME ENCEINTE;SNDS IR_NAT_V
PRS_NAT;6212;IJ CONGE MATERNITE AU PERE;SNDS IR_NAT_V
PRS_NAT;6213;INDEMNITE DE REMPLACEMENT PATERNITE;SNDS IR_NAT_V
PRS_NAT;6214;IJ CONGE SUPPLEMENTAIRE MATERNITE PAMC;SNDS IR_NAT_V
PRS_NAT;6215;IJ CONGE POSTNATAL PAMC;SNDS IR_NAT_V
PRS_NAT;6221;ALLOCATION REPOS MATERNEL NORMAL;SNDS IR_NAT_V
PRS_NAT;6222;ALLOCATION REPOS MATERNEL ADOPTION;SNDS IR_NAT_V
PRS_NAT;6231;IJ CONGE PRENATAL PAMC;SNDS IR_NAT_V
PRS_NAT;6232;IJ CONGE ADOPTION PAMC;SNDS IR_NAT_V
PRS_NAT;6233;IJ CONGE PATHOLOGIQUE PAMC;SNDS IR_NAT_V
PRS_NAT;6234;INDEMNITE MATERNITE EN CAS DE NAISSANCES MULTIPLES;SNDS IR_NAT_V
PRS_NAT;6235;IND REMP CC PAMC;SNDS IR_NAT_V
PRS_NAT;6236;IJ PATERNITE PAMC;SNDS IR_NAT_V
PRS_NAT;6237;INDEMNITE PATERNITE CONJOINT PAMC;SNDS IR_NAT_V
PRS_NAT;6238;INDEMNITES PATERNITE CONJOINT INFIRMIER;SNDS IR_NAT_V
PRS_NAT;6239;INDEMNITÉ MALADIE DOUBLE ACTIVITÉ PAMC;SNDS IR_NAT_V
PRS_NAT;6241;ALLOCATION ACCOMPAGNEMENT FIN DE VIE CESSATION ACTIVITE TEMPS PLEIN;SNDS IR_NAT_V
PRS_NAT;6242;ALLOCATION ACCOMPAGNEMENT FIN DE VIE CESSATION ACTIVITE REDUITE;SNDS IR_NAT_V
PRS_NAT;6251;ALLOCATION NUIT NORMALE - 3 MOIS;SNDS IR_NAT_V
PRS_NAT;6252;ALLOCATION NUIT NORMALE + 3 MOIS;SNDS IR_NAT_V
PRS_NAT;6253;ALLOCATION NUIT MAJOREE 3 ENFANTS - 3 MOIS;SNDS IR_NAT_V
PRS_NAT;6254;ALLOCATION NUIT MAJOREE 3 ENFANTS + 3 MOIS;SNDS IR_NAT_V
PRS_NAT;6255;ALLOCATION NUIT MAJOREE ARRET + 6 MOIS;SNDS IR_NAT_V
PRS_NAT;6256;ALLOCATION NUIT MAJOREE ARRET + 6 MOIS ET 3 ENFANTS;SNDS IR_NAT_V
PRS_NAT;6257;ALLOCATION EXPOSITION NORMALE - 3 MOIS;SNDS IR_NAT_V
PRS_NAT;6258;ALLOCATION EXPOSITION NORMALE + 3 MOIS;SNDS IR_NAT_V
PRS_NAT;6261;ALLOCATION EXPOSITION MAJOREE 3 ENFANTS - 3 MOIS;SNDS IR_NAT_V
PRS_NAT;6262;ALLOCATION EXPOSITION MAJOREE 3 ENFANTS + 3 MOIS;SNDS IR_NAT_V
PRS_NAT;6263;ALLOCATION EXPOSITION ARRET + 6 MOIS;SNDS IR_NAT_V
PRS_NAT;6264;ALLOCATION EXPOSITION ARRET + 6 MOIS ET 3 ENFANTS;SNDS IR_NAT_V
PRS_NAT;6311;RDS IJ MATERNITE;SNDS IR_NAT_V
PRS_NAT;6312;RDS ALLOC MATERNITE;SNDS IR_NAT_V
PRS_NAT;7111;PENSION INVALIDITE AVANTAGES DE BASE;SNDS IR_NAT_V
PRS_NAT;7112;PENSION INVALIDITE ALLOCATIONS SUPPLEMENTAIRES;SNDS IR_NAT_V
PRS_NAT;7113;PENSION INVALIDITE MAJORATIONS POUR ASSISTANCE D UNE TIERCE PERSONNE;SNDS IR_NAT_V
PRS_NAT;7119;PENSIONS D INVALIDITE SERVIES PAR LE REGIME SPECIAL DE SECURITE SOCIALE DANS LES MINES;SNDS IR_NAT_V
PRS_NAT;8111;RENTES DE VICTIME;SNDS IR_NAT_V
PRS_NAT;8112;MAJORATIONS POUR ASSISTANCE D UNE TIERCE PERSONNE;SNDS IR_NAT_V
PRS_NAT;8113;RENTES DE CONJOINT SURVIVANT;SNDS IR_NAT_V
PRS_NAT;8114;RENTES DE REVERSION;SNDS IR_NAT_V
PRS_NAT;8115;RENTES D ORPHELIN;SNDS IR_NAT_V
PRS_NAT;8116;RENTES D ASCENDANT;SNDS IR_NAT_V
PRS_NAT;8117;MAJORATION FAUTE INEXCUSABLE RENTE ASCENDANT;SNDS IR_NAT_V
PRS_NAT;8118;MAJORATION FAUTE INEXCUSABLE RENTE VICTIME;SNDS IR_NAT_V
PRS_NAT;8119;MAJORATION FAUTE INEXCUSABLE RENTE CONJOINT;SNDS IR_NAT_V
PRS_NAT;8120;MAJORATION FAUTE INEXCUSABLE RENTE ORPHELIN;SNDS IR_NAT_V
PRS_NAT;8121;PRESTATION COMPLEMENTAIRE POUR RECOURS A TIERCE PERSONNE;SNDS IR_NAT_V
PRS_NAT;8221;MAJORATIONS CRISTALLISEES;SNDS IR_NAT_V
PRS_NAT;8222;RACHAT OBLIGATOIRE;SNDS IR_NAT_V
PRS_NAT;8223;RACHAT FACULTATIF TOTAL;SNDS IR_NAT_V
PRS_NAT;8224;RACHAT FACULTATIF PARTIEL;SNDS IR_NAT_V
PRS_NAT;8225;TRANSFERT DE CAPITAUX;SNDS IR_NAT_V
PRS_NAT;8226;INDEMNITE EN CAPITAL ACCIDENT DU TRAVAIL;SNDS IR_NAT_V
PRS_NAT;8227;MAJORATION FAUTE INEXCUSABLE INDEMNITE EN CAPITAL;SNDS IR_NAT_V
PRS_NAT;9111;COMPLEMENT TICKET MODERATEUR;SNDS IR_NAT_V
PRS_NAT;9112;COMPLEMENT FRAIS DE TRANSPORT ET DE SEJOUR;SNDS IR_NAT_V
PRS_NAT;9113;FRAIS OCCASIONNE PAR LE DON D ORGANES;SNDS IR_NAT_V
PRS_NAT;9114;COMPLEMENT AUX FRAIS D HOSPITALISATION DE LA MERE QUI ALLAITE SON ENFANT;SNDS IR_NAT_V
PRS_NAT;9115;PERTE DE SALAIRE POUR ENFANT MALADE;SNDS IR_NAT_V
PRS_NAT;9116;INDEMNITES JOURNALIERES MATERNITE POUR CERTAINES CATEGORIES D ASSURES;SNDS IR_NAT_V
PRS_NAT;9118;FRAIS FUNERAIRES;SNDS IR_NAT_V
PRS_NAT;9119;COMPLEMENT POUR CURE THERMALE;SNDS IR_NAT_V
PRS_NAT;9121;COMPLEMENT TICKET MODERATEUR POUR ENFANT DE MOINS D UN AN;SNDS IR_NAT_V
PRS_NAT;9122;ALLOCATION DECES;SNDS IR_NAT_V
PRS_NAT;9123;COMPLEMENT MALADIES CHRONIQUES ET MAINTIEN A DOMICILE;SNDS IR_NAT_V
PRS_NAT;9129;INDEMNITES COMPLEMENTAIRES EN REEDUCATION PROFESSIONNELLE;SNDS IR_NAT_V
PRS_NAT;9131;INDEMNITE DE PERTE DE SALAIRE Y COMPRIS DIALYSE A DOMICILE;SNDS IR_NAT_V
PRS_NAT;9132;FRAIS DE DEPLACEMENT EN CURE THERMALE;SNDS IR_NAT_V
PRS_NAT;9133;FRAIS D HEBERGEMENT EN CURE THERMALE;SNDS IR_NAT_V
PRS_NAT;9134;PRIME DE FIN DE REEDUCATION PROFESSIONNELLE;SNDS IR_NAT_V
PRS_NAT;9135;AIDE FINANCIERE EXCEPTIONNELLE (SECOURS);SNDS IR_NAT_V
PRS_NAT;9141;MAJORATION LIEE A UNE VISITE D URGENCE;SNDS IR_NAT_V
PRS_NAT;9142;MAJORATION LIEE A UN K D URGENCE;SNDS IR_NAT_V
PRS_NAT;9143;SUPPLEMENT POUR SOINS AUX POLYTRAUMATISES;SNDS IR_NAT_V
PRS_NAT;9144;HONORAIRES REMUNERANT LA PERMANENCE TELEPHONIQUE SUR LA BASE DE 3 C DE L HEURE (ASTREINTE);SNDS IR_NAT_V
PRS_NAT;9151;PLAN SEGUIN;SNDS IR_NAT_V
PRS_NAT;9152;PLAN EVIN;SNDS IR_NAT_V
PRS_NAT;9161;PRESTATIONS SUPPLEMENTAIRES ALSACE-MOSELLE;SNDS IR_NAT_V
PRS_NAT;9162;SURVEILLANCE MEDICALE MATERNELLE EN ACTION SANITAIRE ET SOCIALE;SNDS IR_NAT_V
PRS_NAT;9163;CENTRE EXAMEN SANTE SAISIE MANUELLE;SNDS IR_NAT_V
PRS_NAT;9164;PRESTATIONS D ASS SNCF ET REGIME GENERAL;SNDS IR_NAT_V
PRS_NAT;9165;PRESTATIONS D ASS SNCF ET REGIME GENERAL;SNDS IR_NAT_V
PRS_NAT;9166;PRESTATIONS D ASS SNCF ET REGIME GENERAL;SNDS IR_NAT_V
PRS_NAT;9167;PRESTATIONS D ASS SNCF ET REGIME GENERAL;SNDS IR_NAT_V
PRS_NAT;9168;PRESTATIONS D ASS SNCF ET REGIME GENERAL;SNDS IR_NAT_V
PRS_NAT;9169;PRESTATIONS D ASS SNCF ET REGIME GENERAL;SNDS IR_NAT_V
PRS_NAT;9170;PRESTATIONS D ASS SNCF ET REGIME GENERAL;SNDS IR_NAT_V
PRS_NAT;9191;TICKET MODERATEUR - PREVENTION BUCCO-DENTAIRE;SNDS IR_NAT_V
PRS_NAT;9201;ENTRETIEN EVALUATION;SNDS IR_NAT_V
PRS_NAT;9202;SEANCE DE SUIVI;SNDS IR_NAT_V
PRS_NAT;9203;SEANCE DE SUIVI A DISTANCE;SNDS IR_NAT_V
PRS_NAT;9204;DEPISTAGE MALADIES SURCHARGE-DYSLIPEMIE;SNDS IR_NAT_V
PRS_NAT;9205;DEPISTAGE CONDUITE ADDICTIVE;SNDS IR_NAT_V
PRS_NAT;9206;DEPISTAGE AMIANTE;SNDS IR_NAT_V
PRS_NAT;9207;DEPISTAGE SURDITE;SNDS IR_NAT_V
PRS_NAT;9208;DEPISTAGE SCOLAIRE ENFANT;SNDS IR_NAT_V
PRS_NAT;9209;INFORMATION DEPISTAGE SCOLAIRE;SNDS IR_NAT_V
PRS_NAT;9210;FORMATION DEPISTAGE SCOLAIRE;SNDS IR_NAT_V
PRS_NAT;9211;VACCIN (MILITAIRES) / VACCIN GRIPPE (CRPCEN);SNDS IR_NAT_V
PRS_NAT;9212;FORMATION LANGAGE ENSEIGNANT;SNDS IR_NAT_V
PRS_NAT;9221;TEST DE DEPISTAGE RAPIDE (FOURNISSEUR);SNDS IR_NAT_V
PRS_NAT;9311;DEPISTAGE DU CANCER COLO-RECTAL;SNDS IR_NAT_V
PRS_NAT;9312;DEPISTAGE DU CANCER DU SEIN (PREVENTION MALADIE);SNDS IR_NAT_V
PRS_NAT;9313;FRAIS DE LECTURE POUR MAMMOGRAPHIE;SNDS IR_NAT_V
PRS_NAT;9318;ANALYSES DEPISTAGE CANCER UTERUS (PREVENTION MALADIE);SNDS IR_NAT_V
PRS_NAT;9319;PRELEVEMENTS DEPISTAGE CANCER UTERUS (PREVENTION MALADIE);SNDS IR_NAT_V
PRS_NAT;9411;CONSULTATION HYGIENE BUCCO-DENTAIRE;SNDS IR_NAT_V
PRS_NAT;9412;HYGIENE BUCCO-DENTAIRE N91 (SCELLEMENT D UNE MOLAIRE);SNDS IR_NAT_V
PRS_NAT;9413;HYGIENE BUCCO-DENTAIRE N92 (SCELLEMENT DE DEUX MOLAIRES);SNDS IR_NAT_V
PRS_NAT;9414;HYGIENE BUCCO-DENTAIRE N93 (SCELLEMENT DE TROIS MOLAIRES);SNDS IR_NAT_V
PRS_NAT;9415;HYGIENE BUCCO-DENTAIRE N94 (SCELLEMENT DE QUATRE MOLAIRES);SNDS IR_NAT_V
PRS_NAT;9421;PREVENTION BUCCO-DENTAIRE: CONSULTATION;SNDS IR_NAT_V
PRS_NAT;9422;PREVENTION BUCCO-DENTAIRE: RADIO DEUX CLICHES;SNDS IR_NAT_V
PRS_NAT;9423;PREVENTION BUCCO-DENTAIRE: RADIO QUATRE CLICHES;SNDS IR_NAT_V
PRS_NAT;9424;PREVENTION BUCCO-DENTAIRE: RADIO EN IMAGERIE NUMERISEE;SNDS IR_NAT_V
PRS_NAT;9425;TM POUR DC (MSA);SNDS IR_NAT_V
PRS_NAT;9426;TM POUR SC(MSA);SNDS IR_NAT_V
PRS_NAT;9427;TM POUR Z(MSA);SNDS IR_NAT_V
PRS_NAT;9429;CAMPAGNE BUCCO DENTAIRE MOCALES;SNDS IR_NAT_V
PRS_NAT;9430;TM DE L'ACTE DE VACCINATION GRIPPE A/H1N1;SNDS IR_NAT_V
PRS_NAT;9431;PREVENTION ENTRETIEN DE SANTE;SNDS IR_NAT_V
PRS_NAT;9432;TM DES INDEMNITES DE DEPLACEMENTS ID et MD;SNDS IR_NAT_V
PRS_NAT;9433;TM DE LA RETINOPATHIE DIABETIQUE;SNDS IR_NAT_V
PRS_NAT;9434;ACTE DE DEPISTAGE DU CANCER COLORECTAL;SNDS IR_NAT_V
PRS_NAT;9435;BUCCO DENT. CONSULTATION COMPLEXE;SNDS IR_NAT_V
PRS_NAT;9436;BUCCO DENT. CONSULTATION ET RADIO PANORAMIQUE;SNDS IR_NAT_V
PRS_NAT;9511;EXAMEN ET BILAN DE SANTE;SNDS IR_NAT_V
PRS_NAT;9512;AUTRES ACTIONS COLLECTIVES DE PREVENTION;SNDS IR_NAT_V
PRS_NAT;9513;CONSULTATION PREVENTION;SNDS IR_NAT_V
PRS_NAT;9514;CONSULTATION DIETETIQUE;SNDS IR_NAT_V
PRS_NAT;9521;ACTES DE PREVENTION;SNDS IR_NAT_V
PRS_NAT;9566;TRAITEMENT NICOTINIQUE DE SUBSTITUTION;SNDS IR_NAT_V
PRS_NAT;9567;REMUNERATION ADHESION SOPHIA (PREVENTION);SNDS IR_NAT_V
PRS_NAT;9568;REMUNERATION RENOUVELLEMENT SOPHIA (PREVENTION);SNDS IR_NAT_V
PRS_NAT;9569;RETOUR DOM. INSUFFISANT CARDIAQUE;SNDS IR_NAT_V
PRS_NAT;9570;BRONCHO-PNEUMOPATHIE CHRONIQUE OBSTRUCTIVE;SNDS IR_NAT_V
PRS_NAT;9605;GESTION DU REPIT;SNDS IR_NAT_V
PRS_NAT;9701;COMPLEMENT D ACTION SOCIALE APPAREIL DE SURDITE (CLERCS ET EMPLOYES DE NOTAIRES, PORT AUTONOME DE BORDEAUX);SNDS IR_NAT_V
PRS_NAT;9702;COMPLEMENT D ACTION SOCIALE BRIDGE (CLERCS ET EMPLOYES DE NOTAIRES);SNDS IR_NAT_V
PRS_NAT;9703;COMPLEMENT D ACTION SOCIALE DENTAIRE (CLERCS ET EMPLOYES DE NOTAIRES);SNDS IR_NAT_V
PRS_NAT;9704;COMPLEMENT D ACTION SOCIALE PROTHESES DENTAIRES (CLERCS ET EMPLOYES DE NOTAIRES, PORT AUTONOME DE BORDEAUX);SNDS IR_NAT_V
PRS_NAT;9705;COMPLEMENT D ACTION SOCIALE DENTAIRE ALSACE MOSELLE (CLERCS ET EMPLOYES DE NOTAIRES);SNDS IR_NAT_V
PRS_NAT;9706;COMPLEMENT D ACTION SOCIALE OPTIQUE (CLERCS ET EMPLOYES DE NOTAIRES);SNDS IR_NAT_V
PRS_NAT;9707;COMPLEMENT D ACTION SOCIALE OPTIQUE, ENFANT DE MOINS DE 16 ANS (CLERCS ET EMPLOYES DE NOTAIRES);SNDS IR_NAT_V
PRS_NAT;9708;COMPLEMENT D ACTION SOCIALE MONTURES (CLERCS ET EMPLOYES DE NOTAIRES, PORT AUTONOME DE BORDEAUX);SNDS IR_NAT_V
PRS_NAT;9709;COMPLEMENT D ACTION SOCIALE VERRES (CLERCS ET EMPLOYES DE NOTAIRES, PORT AUTONOME DE BORDEAUX);SNDS IR_NAT_V
PRS_NAT;9710;COMPLEMENT D ACTION SOCIALE LENTILLES (CLERCS ET EMPLOYES DE NOTAIRES, PORT AUTONOME DE BORDEAUX);SNDS IR_NAT_V
PRS_NAT;9711;PRIME DE LAYETTE (CLERCS ET EMPLOYES DE NOTAIRES);SNDS IR_NAT_V
PRS_NAT;9712;ALLOCATION VOYAGE DES ENFANTS A LA COLONIE DU PRARIAND (CLERCS ET EMPLOYES DE NOTAIRES);SNDS IR_NAT_V
PRS_NAT;9713;AIDE AUX SEJOURS DES ENFANTS (CLERCS ET EMPLOYES DE NOTAIRES);SNDS IR_NAT_V
PRS_NAT;9714;ALLOCATION VACANCES (CLERCS ET EMPLOYES DE NOTAIRES);SNDS IR_NAT_V
PRS_NAT;9715;AIDES FINANCIERES INDIVIDUELLES OPTIQUE;SNDS IR_NAT_V
PRS_NAT;9716;ACTION SOCIALE DENTAIRE;SNDS IR_NAT_V
PRS_NAT;9717;ACTION SOCIALE AUDITIF;SNDS IR_NAT_V
PRS_NAT;9719;AIDES FINANCIERES INDIVIDUELLES HOSPITALISATION;SNDS IR_NAT_V
PRS_NAT;9720;AMENAGEMENT PRET;SNDS IR_NAT_V
PRS_NAT;9721;AIDES FINANCIERES INDIVIDUELLES DIFFICULTES FINANCIERES;SNDS IR_NAT_V
PRS_NAT;9722;AIDES FINANCIERES INDIVIDUELLES AUTRES;SNDS IR_NAT_V
PRS_NAT;9723;VACANCES RETRAITES (CLERCS ET EMPLOYES DE NOTAIRES);SNDS IR_NAT_V
PRS_NAT;9724;AIDE A LA SCOLARITE (CRPCEN);SNDS IR_NAT_V
PRS_NAT;9725;ACCUEIL JEUNE ENFANT (CRPCEN);SNDS IR_NAT_V
PRS_NAT;9726;PRESTATIONS SUPPLÉMENTAIRES OPTIQUES CRPCEN;SNDS IR_NAT_V
PRS_NAT;9727;PRESTATIONS SUPPLÉMENTAIRES ACOUSTIQUES CRPCEN;SNDS IR_NAT_V
PRS_NAT;9728;AMELIORATION QUALITE VIE (CRPCEN);SNDS IR_NAT_V
PRS_NAT;9729;ACCUEIL JEUNE ENFANT - CRPCEN 1;SNDS IR_NAT_V
PRS_NAT;9730;ACCUEIL JEUNE ENFANT - CRPCEN 2;SNDS IR_NAT_V
PRS_NAT;9731;COMPLEMENT A L'ACS;SNDS IR_NAT_V
PRS_NAT;9732;AIDE A L'ACQUISITION D'UNE COUVERTURE COMPLEMENTAIRE POUR LES VICTIMES DU SEUIL ACS;SNDS IR_NAT_V
PRS_NAT;9733;AIDE AU REPIT D'UN INDEPENDANT ACTIF;SNDS IR_NAT_V
PRS_NAT;9734;AIDE AUX INDEPENDANTS INVALIDES;SNDS IR_NAT_V
PRS_NAT;9735;AIDE AU MAINTIEN DANS L'ACTIVITE;SNDS IR_NAT_V
PRS_NAT;9736;APUREMENT PRET;SNDS IR_NAT_V
PRS_NAT;9737;CONSULTATION MEDICO-PRO TI;SNDS IR_NAT_V
PRS_NAT;9741;AIDES AU LOGEMENT;SNDS IR_NAT_V
PRS_NAT;9742;AIDE A LA COMMUNICATION HORS AUDITIF;SNDS IR_NAT_V
PRS_NAT;9743;AIDES A LA DEAMBULATION ET AU TRANSPORT;SNDS IR_NAT_V
PRS_NAT;9744;AUTRES TYPES D AIDES;SNDS IR_NAT_V
PRS_NAT;9751;FOURNITURES ET ACCESSOIRES NON REMBOURSABLES;SNDS IR_NAT_V
PRS_NAT;9752;GARDES MALADES A DOMICILE;SNDS IR_NAT_V
PRS_NAT;9761;AIDES FINANCIERES INDIVIDUELLES ORTHODONTIE;SNDS IR_NAT_V
PRS_NAT;9762;AIDES FINANCIERES INDIVIDUELLES PHARMACIE/LPP;SNDS IR_NAT_V
PRS_NAT;9763;AIDES FINANCIERES A CARACTERE SOCIAL AFFECTEES AU LOGEMENT;SNDS IR_NAT_V
PRS_NAT;9764;AIDES FINANCIERES A CARACTERE SOCIAL AFFECTEES AUX BESOINS ALIMENTAIRES ET VESTIMENTAIRES;SNDS IR_NAT_V
PRS_NAT;9765;AIDES FINANCIERES A CARACTERE SOCIAL AFFECTEES AUX FRAIS DE SCOLARISATION;SNDS IR_NAT_V
PRS_NAT;9766;AIDES FINANCIERES A CARACTERE SOCIAL AFFECTEES AUX REGLEMENTS D'IMPOTS TAXES ET PRIMES;SNDS IR_NAT_V
PRS_NAT;9767;AIDES FINANCIERES A CARACTERE SOCIAL D'ATTENTE DE VERSEMENT DE REVENUS DE SUBSTITUTION;SNDS IR_NAT_V
PRS_NAT;9768;AIDES FINANCIERES A CARACTERE SOCIAL AFFECTEES AUX FRAIS D'OBSEQUES;SNDS IR_NAT_V
PRS_NAT;9769;AIDES FINANCIERES A CARACTERE SOCIAL PALLIANT L'ABSENCE DE REVENUS;SNDS IR_NAT_V
PRS_NAT;9771;AIDES PROTHESES AUDITIVES;SNDS IR_NAT_V
PRS_NAT;9772;AIDES MENAGERES;SNDS IR_NAT_V
PRS_NAT;9773;AIDES MENAGERES SORTIE D'HOSPITALISATION COORDONNEE;SNDS IR_NAT_V
PRS_NAT;9774;ACTES FOURNITURES SORTIE D'HOSPITALISATION COORDONNEE;SNDS IR_NAT_V
PRS_NAT;9775;AIDES MENAGERES PROGRAMME D'ACCOMPAGNEMENT APRES INTERVENTION ORTHOPEDIQUE;SNDS IR_NAT_V
PRS_NAT;9776;ACTES FOURNITURES PROGRAMME D'ACCOMPAGNEMENT APRES INTERVENTION ORTHOPEDIQUE;SNDS IR_NAT_V
PRS_NAT;9777;PHARMACIE NON REMBOURSABLE SOINS PALLIATIFS;SNDS IR_NAT_V
PRS_NAT;9778;BILANS DE COMPETENCES ET REORIENTATION PROFESSIONNELLE;SNDS IR_NAT_V
PRS_NAT;9801;CODES MIS A LA DISPOSITION DE LA SNCF;SNDS IR_NAT_V
PRS_NAT;9802;CODES MIS A LA DISPOSITION DE LA SNCF;SNDS IR_NAT_V
PRS_NAT;9803;CODES MIS A LA DISPOSITION DE LA SNCF;SNDS IR_NAT_V
PRS_NAT;9804;CODES MIS A LA DISPOSITION DE LA SNCF;SNDS IR_NAT_V
PRS_NAT;9805;CODES MIS A LA DISPOSITION DE LA SNCF;SNDS IR_NAT_V
PRS_NAT;9806;CODES MIS A LA DISPOSITION DE LA SNCF;SNDS IR_NAT_V
PRS_NAT;9807;CODES MIS A LA DISPOSITION DE LA SNCF;SNDS IR_NAT_V
PRS_NAT;9808;CODES MIS A LA DISPOSITION DE LA SNCF;SNDS IR_NAT_V
PRS_NAT;9809;CODES MIS A LA DISPOSITION DE LA SNCF;SNDS IR_NAT_V
PRS_NAT;9810;CODES MIS A LA DISPOSITION DE LA SNCF;SNDS IR_NAT_V
PRS_NAT;9811;CODES MIS A LA DISPOSITION DE LA SNCF;SNDS IR_NAT_V
PRS_NAT;9812;CODES MIS A LA DISPOSITION DE LA SNCF;SNDS IR_NAT_V
PRS_NAT;9813;CODES MIS A LA DISPOSITION DE LA SNCF;SNDS IR_NAT_V
PRS_NAT;9814;CODES MIS A LA DISPOSITION DE LA SNCF;SNDS IR_NAT_V
PRS_NAT;9815;CODES MIS A LA DISPOSITION DE LA SNCF;SNDS IR_NAT_V
PRS_NAT;9816;CODES MIS A LA DISPOSITION DE LA SNCF;SNDS IR_NAT_V
PRS_NAT;9817;CODES MIS A LA DISPOSITION DE LA SNCF;SNDS IR_NAT_V
PRS_NAT;9818;CODES MIS A LA DISPOSITION DE LA SNCF;SNDS IR_NAT_V
PRS_NAT;9819;CODES MIS A LA DISPOSITION DE LA SNCF;SNDS IR_NAT_V
PRS_NAT;9820;CODES MIS A LA DISPOSITION DE LA SNCF;SNDS IR_NAT_V
PRS_NAT;9821;CODES MIS A LA DISPOSITION DE LA SNCF;SNDS IR_NAT_V
PRS_NAT;9822;CODES MIS A LA DISPOSITION DE LA SNCF;SNDS IR_NAT_V
PRS_NAT;9823;CODES MIS A LA DISPOSITION DE LA SNCF;SNDS IR_NAT_V
PRS_NAT;9824;CODES MIS A LA DISPOSITION DE LA SNCF;SNDS IR_NAT_V
PRS_NAT;9825;CODES MIS A LA DISPOSITION DE LA SNCF;SNDS IR_NAT_V
PRS_NAT;9826;CODES MIS A LA DISPOSITION DE LA SNCF;SNDS IR_NAT_V
PRS_NAT;9827;CODES MIS A LA DISPOSITION DE LA SNCF;SNDS IR_NAT_V
PRS_NAT;9828;CODES MIS A LA DISPOSITION DE LA SNCF;SNDS IR_NAT_V
PRS_NAT;9829;CODES MIS A LA DISPOSITION DE LA SNCF;SNDS IR_NAT_V
PRS_NAT;9830;CODES MIS A LA DISPOSITION DE LA SNCF;SNDS IR_NAT_V
PRS_NAT;9831;CODES MIS A LA DISPOSITION DE LA SNCF;SNDS IR_NAT_V
PRS_NAT;9832;CODES MIS A LA DISPOSITION DE LA SNCF;SNDS IR_NAT_V
PRS_NAT;9833;CODES MIS A LA DISPOSITION DE LA SNCF;SNDS IR_NAT_V
PRS_NAT;9834;CODES MIS A LA DISPOSITION DE LA SNCF;SNDS IR_NAT_V
PRS_NAT;9835;CODES MIS A LA DISPOSITION DE LA SNCF;SNDS IR_NAT_V
PRS_NAT;9836;CODES MIS A LA DISPOSITION DE LA SNCF;SNDS IR_NAT_V
PRS_NAT;9837;CODES MIS A LA DISPOSITION DE LA SNCF;SNDS IR_NAT_V
PRS_NAT;9838;CODES MIS A LA DISPOSITION DE LA SNCF;SNDS IR_NAT_V
PRS_NAT;9839;CODES MIS A LA DISPOSITION DE LA SNCF;SNDS IR_NAT_V
PRS_NAT;9840;CODES MIS A LA DISPOSITION DE LA SNCF;SNDS IR_NAT_V
PRS_NAT;9841;CODES MIS A LA DISPOSITION DE LA SNCF;SNDS IR_NAT_V
PRS_NAT;9842;CODES MIS A LA DISPOSITION DE LA SNCF;SNDS IR_NAT_V
PRS_NAT;9843;CODES MIS A LA DISPOSITION DE LA SNCF;SNDS IR_NAT_V
PRS_NAT;9844;CODES MIS A LA DISPOSITION DE LA SNCF;SNDS IR_NAT_V
PRS_NAT;9845;CODES MIS A LA DISPOSITION DE LA SNCF;SNDS IR_NAT_V
PRS_NAT;9846;CODES MIS A LA DISPOSITION DE LA SNCF;SNDS IR_NAT_V
PRS_NAT;9847;CODES MIS A LA DISPOSITION DE LA SNCF;SNDS IR_NAT_V
PRS_NAT;9848;CODES MIS A LA DISPOSITION DE LA SNCF;SNDS IR_NAT_V
PRS_NAT;9849;CODES MIS A LA DISPOSITION DE LA SNCF;SNDS IR_NAT_V
PRS_NAT;9850;CODES MIS A LA DISPOSITION DE LA SNCF;SNDS IR_NAT_V
PRS_NAT;9851;CODES MIS A LA DISPOSITION DE LA SNCF;SNDS IR_NAT_V
PRS_NAT;9852;CODES MIS A LA DISPOSITION DE LA SNCF;SNDS IR_NAT_V
PRS_NAT;9853;CODES MIS A LA DISPOSITION DE LA SNCF;SNDS IR_NAT_V
PRS_NAT;9854;CODES MIS A LA DISPOSITION DE LA SNCF;SNDS IR_NAT_V
PRS_NAT;9855;CODES MIS A LA DISPOSITION DE LA SNCF;SNDS IR_NAT_V
PRS_NAT;9856;CODES MIS A LA DISPOSITION DE LA SNCF;SNDS IR_NAT_V
PRS_NAT;9857;CODES MIS A LA DISPOSITION DE LA SNCF;SNDS IR_NAT_V
PRS_NAT;9858;CODES MIS A LA DISPOSITION DE LA SNCF;SNDS IR_NAT_V
PRS_NAT;9859;CODES MIS A LA DISPOSITION DE LA SNCF;SNDS IR_NAT_V
PRS_NAT;9860;CODES MIS A LA DISPOSITION DE LA SNCF;SNDS IR_NAT_V
PRS_NAT;9861;CODES MIS A LA DISPOSITION DE LA SNCF;SNDS IR_NAT_V
PRS_NAT;9862;CODES MIS A LA DISPOSITION DE LA SNCF;SNDS IR_NAT_V
PRS_NAT;9863;CODES MIS A LA DISPOSITION DE LA SNCF;SNDS IR_NAT_V
PRS_NAT;9864;CODES MIS A LA DISPOSITION DE LA SNCF;SNDS IR_NAT_V
PRS_NAT;9865;CODES MIS A LA DISPOSITION DE LA SNCF;SNDS IR_NAT_V
PRS_NAT;9866;CODES MIS A LA DISPOSITION DE LA SNCF;SNDS IR_NAT_V
PRS_NAT;9867;CODES MIS A LA DISPOSITION DE LA SNCF;SNDS IR_NAT_V
PRS_NAT;9868;CODES MIS A LA DISPOSITION DE LA SNCF;SNDS IR_NAT_V
PRS_NAT;9869;CODES MIS A LA DISPOSITION DE LA SNCF;SNDS IR_NAT_V
PRS_NAT;9870;CODES MIS A LA DISPOSITION DE LA SNCF;SNDS IR_NAT_V
PRS_NAT;9871;CODES MIS A LA DISPOSITION DE LA SNCF;SNDS IR_NAT_V
PRS_NAT;9872;CODES MIS A LA DISPOSITION DE LA SNCF;SNDS IR_NAT_V
PRS_NAT;9873;CODES MIS A LA DISPOSITION DE LA SNCF;SNDS IR_NAT_V
PRS_NAT;9874;CODES MIS A LA DISPOSITION DE LA SNCF;SNDS IR_NAT_V
PRS_NAT;9875;CODES MIS A LA DISPOSITION DE LA SNCF;SNDS IR_NAT_V
PRS_NAT;9876;CODES MIS A LA DISPOSITION DE LA SNCF;SNDS IR_NAT_V
PRS_NAT;9877;CODES MIS A LA DISPOSITION DE LA SNCF;SNDS IR_NAT_V
PRS_NAT;9878;CODES MIS A LA DISPOSITION DE LA SNCF;SNDS IR_NAT_V
PRS_NAT;9879;CODES MIS A LA DISPOSITION DE LA SNCF;SNDS IR_NAT_V
PRS_NAT;9880;CODES MIS A LA DISPOSITION DE LA SNCF;SNDS IR_NAT_V
PRS_NAT;9881;CODES MIS A LA DISPOSITION DE LA SNCF;SNDS IR_NAT_V
PRS_NAT;9882;CODES MIS A LA DISPOSITION DE LA SNCF;SNDS IR_NAT_V
PRS_NAT;9883;CODES MIS A LA DISPOSITION DE LA SNCF;SNDS IR_NAT_V
PRS_NAT;9884;CODES MIS A LA DISPOSITION DE LA SNCF;SNDS IR_NAT_V
PRS_NAT;9885;CODES MIS A LA DISPOSITION DE LA SNCF;SNDS IR_NAT_V
PRS_NAT;9886;CODES MIS A LA DISPOSITION DE LA SNCF;SNDS IR_NAT_V
PRS_NAT;9887;CODES MIS A LA DISPOSITION DE LA SNCF;SNDS IR_NAT_V
PRS_NAT;9888;CODES MIS A LA DISPOSITION DE LA SNCF;SNDS IR_NAT_V
PRS_NAT;9889;CODES MIS A LA DISPOSITION DE LA SNCF;SNDS IR_NAT_V
PRS_NAT;9890;CODES MIS A LA DISPOSITION DE LA SNCF;SNDS IR_NAT_V
PRS_NAT;9891;CODES MIS A LA DISPOSITION DE LA SNCF;SNDS IR_NAT_V
PRS_NAT;9892;CODES MIS A LA DISPOSITION DE LA SNCF;SNDS IR_NAT_V
PRS_NAT;9893;CODES MIS A LA DISPOSITION DE LA SNCF;SNDS IR_NAT_V
PRS_NAT;9894;CODES MIS A LA DISPOSITION DE LA SNCF;SNDS IR_NAT_V
PRS_NAT;9895;CODES MIS A LA DISPOSITION DE LA SNCF;SNDS IR_NAT_V
PRS_NAT;9896;CODES MIS A LA DISPOSITION DE LA SNCF;SNDS IR_NAT_V
PRS_NAT;9897;CODES MIS A LA DISPOSITION DE LA SNCF;SNDS IR_NAT_V
PRS_NAT;9898;CODES MIS A LA DISPOSITION DE LA SNCF;SNDS IR_NAT_V
PRS_NAT;9899;CODES MIS A LA DISPOSITION DE LA SNCF;SNDS IR_NAT_V
PRS_NAT;9901;TRANSPORT POUR PERSONNE ACCOMPAGNANTE (MILITAIRES);SNDS IR_NAT_V
PRS_NAT;9902;AIDE SOCIALE (MILITAIRES);SNDS IR_NAT_V
PRS_NAT;9911;AIDE MENAGERE;SNDS IR_NAT_V
PRS_NAT;9912;AIDE MENAGERE FAMILIALE (MILITAIRES);SNDS IR_NAT_V
PRS_NAT;9999;VALEUR INCONNUE;SNDS IR_NAT_V
ASU_NAT;0;SANS OBJET;SNDS IR_ASU_V
ASU_NAT;10;MALADIE;SNDS IR_ASU_V
ASU_NAT;11;MALADIE COURS NAVIGATION > 6 MOIS;SNDS IR_ASU_V
ASU_NAT;12;MALADIE COURS NAVIGATION < 6 MOIS;SNDS IR_ASU_V
ASU_NAT;22;SOINS AUX INVALIDES DE GUERRE (CNMSS);SNDS IR_ASU_V
ASU_NAT;30;MATERNITE;SNDS IR_ASU_V
ASU_NAT;40;AT ET MP;SNDS IR_ASU_V
ASU_NAT;50;DECES;SNDS IR_ASU_V
ASU_NAT;70;PRESTATIONS SUPPLEMENTAIRES;SNDS IR_ASU_V
ASU_NAT;80;INVALIDITE;SNDS IR_ASU_V
ASU_NAT;90;PREVENTION MALADIE;SNDS IR_ASU_V
ASU_NAT;99;VALEUR INCONNUE;SNDS IR_ASU_V
ATT_NAT;0;SANS OBJET;SNDS IR_ATT_V
ATT_NAT;1;ACCIDENT DU TRAVAIL;SNDS IR_ATT_V
ATT_NAT;2;MALADIE PROFESSIONNELLE;SNDS IR_ATT_V
ATT_NAT;3;ACCIDENT DU TRAJET;SNDS IR_ATT_V
ATT_NAT;9;VALEUR INCONNUE;SNDS IR_ATT_V
CPT_ENV_TYP;0;PRESTATIONS NON PRISE EN CHARGE PAR LE RG;SNDS IR_ENV_V
CPT_ENV_TYP;1;SOINS DE VILLE;SNDS IR_ENV_V
CPT_ENV_TYP;2;HOSPITALISATION ET MEDICO-SOCIALE ET CONSOMMATIONS INTERMEDIAIRES (MEDICAMENTS ET LPP);SNDS IR_ENV_V
CPT_ENV_TYP;3;PRESTATIONS LEGALES ASSURANCE MALADIE HORS ENV.ONDAM;SNDS IR_ENV_V
CPT_ENV_TYP;4;PREVENTION;SNDS IR_ENV_V
CPT_ENV_TYP;5;FNAS;SNDS IR_ENV_V
CPT_ENV_TYP;6;IVG (VALEUR SUPPRIMEE);SNDS IR_ENV_V
CPT_ENV_TYP;7;C2S, AME ou ACS;SNDS IR_ENV_V
CPT_ENV_TYP;8;ALSACE MOSELLE;SNDS IR_ENV_V
CPT_ENV_TYP;9;VALEUR INCONNUE;SNDS IR_ENV_V
CPT_ENV_TYP;98;SANS OBJET;SNDS IR_ENV_V
EXO_MTF;0;SANS OBJET;SNDS IR_EXO_V
EXO_MTF;10;ASSURANCE;SNDS IR_EXO_V
EXO_MTF;20;REGIMES;SNDS IR_EXO_V
EXO_MTF;21;PENSION MILITAIRE D'INVALIDITE (ART. 115);SNDS IR_EXO_V
EXO_MTF;30;NATURE DE PRESTATION;SNDS IR_EXO_V
EXO_MTF;41;BENEFICIAIRE ATTEINT D UNE MALADIE LISTE - AFFECTION SANS RAPPORT;SNDS IR_EXO_V
EXO_MTF;42;BENEFICIAIRE ATTEINT D UNE MALADIE LISTE - AFFECTION EN RAPPORT;SNDS IR_EXO_V
EXO_MTF;43;PATHOLOGIE HORS LISTE - AFFECTION SANS RAPPORT;SNDS IR_EXO_V
EXO_MTF;44;PATHOLOGIE HORS LISTE - AFFECTION EN RAPPORT;SNDS IR_EXO_V
EXO_MTF;45;POLYPATHOLOGIE HORS LISTE - AFFECTION SANS RAPPORT;SNDS IR_EXO_V
EXO_MTF;46;POLYPATHOLOGIE HORS LISTE - AFFECTION EN RAPPORT;SNDS IR_EXO_V
EXO_MTF;47;ARTICLE L324 NON EXONERANT (SAUF TRANSPORTS);SNDS IR_EXO_V
EXO_MTF;51;COEFFICIENT ET ACTE EN RAPPORT;SNDS IR_EXO_V
EXO_MTF;54;DIAGNOSTIC ET TRAITEMENT DE LA STERILITE;SNDS IR_EXO_V
EXO_MTF;55;6EME MOIS DE GROSSESSE;SNDS IR_EXO_V
EXO_MTF;56;EDUCATION SPECIALISEE SANS RAPPORT;SNDS IR_EXO_V
EXO_MTF;57;EDUCATION SPECIALISEE EN RAPPORT;SNDS IR_EXO_V
EXO_MTF;62;AUTRE CAS D EXONERATION;SNDS IR_EXO_V
EXO_MTF;63;HOSPIT PLUS 30 JOURS;SNDS IR_EXO_V
EXO_MTF;81;PREVENTION;SNDS IR_EXO_V
EXO_MTF;82;PREVENTION SOINS DE SUITE BUCCO-DENTAIRE;SNDS IR_EXO_V
EXO_MTF;91;ACTES CCAM/NGAP EXONERANTS;SNDS IR_EXO_V
EXO_MTF;92;SOINS EN RAPPORT AVEC UN ACTE CCAM EXONERANT;SNDS IR_EXO_V
EXO_MTF;99;VALEUR INCONNUE;SNDS IR_EXO_V
MTM_NAT;0;SANS OBJET;SNDS IR_MTM_V
MTM_NAT;1;BENEFICIAIRES DE L'ALLOCATION DE SOLIDARITE AUX PERSONNES AGEES OU DE L'ALLOCATION SUPPLEMENTAIRE D'INVALIDITE;SNDS IR_MTM_V
MTM_NAT;2;REGIME LOCAL ALSACE MOSELLE;SNDS IR_MTM_V
MTM_NAT;3;REGIME LOCAL FRONTALIER;SNDS IR_MTM_V
MTM_NAT;4;REGIME LOCAL ET FONDS NATIONAL DE SOLIDARITE;SNDS IR_MTM_V
MTM_NAT;5;SOINS A L ETRANGER (REGIME MILITAIRE);SNDS IR_MTM_V
MTM_NAT;9;VALEUR INCONNUE;SNDS IR_MTM_V
PRS_FJH_TYP;0;REGIME;SNDS IR_FJH_V
PRS_FJH_TYP;1;REGIME LOCAL ALSACE-MOSELLE;SNDS IR_FJH_V
PRS_FJH_TYP;2;ASSURE;SNDS IR_FJH_V
PRS_FJH_TYP;3;ORGANISME COMPLEMENTAIRE;SNDS IR_FJH_V
PRS_FJH_TYP;8;SANS OBJET;SNDS IR_FJH_V
PRS_FJH_TYP;9;VALEUR INCONNUE;SNDS IR_FJH_V
PRS_PPU_SEC;1;PUBLIC;SNDS IR_PPU_V
PRS_PPU_SEC;2;PRIVE;SNDS IR_PPU_V
PRS_PPU_SEC;9;INCONNUE;SNDS IR_PPU_V
DRG_AFF_NAT;0;SANS OBJET;SNDS IR_DRG_V
DRG_AFF_NAT;10;SANS TIERS PAYANT;SNDS IR_DRG_V
DRG_AFF_NAT;11;Assuré;Lexique Open DAMIR 2015
DRG_AFF_NAT;12;Adresse Provisoire;Lexique Open DAMIR 2015
DRG_AFF_NAT;13;Conjoint divorcé;Lexique Open DAMIR 2015
DRG_AFF_NAT;14;Conjoint séparé;Lexique Open DAMIR 2015
DRG_AFF_NAT;15;Procuration;Lexique Open DAMIR 2015
DRG_AFF_NAT;16;Tutelle;Lexique Open DAMIR 2015
DRG_AFF_NAT;17;Veuvage;Lexique Open DAMIR 2015
DRG_AFF_NAT;18;conjoint;Lexique Open DAMIR 2015
DRG_AFF_NAT;19;Enfant;Lexique Open DAMIR 2015
DRG_AFF_NAT;21;Autre ayant droit;Lexique Open DAMIR 2015
DRG_AFF_NAT;22;concubin;Lexique Open DAMIR 2015
DRG_AFF_NAT;23;Ascendant, descendant;Lexique Open DAMIR 2015
DRG_AFF_NAT;24;Concubin en rupture;Lexique Open DAMIR 2015
DRG_AFF_NAT;25;Bénéficaire Pacsé;Lexique Open DAMIR 2015
DRG_AFF_NAT;26;Pacs fin;Lexique Open DAMIR 2015
DRG_AFF_NAT;31;CORRESPONDANT D ENTREPRISE;SNDS IR_DRG_V
DRG_AFF_NAT;32;MUTUELLE;SNDS IR_DRG_V
DRG_AFF_NAT;33;SUBROGATION;SNDS IR_DRG_V
DRG_AFF_NAT;34;TITRE MEDECIN;SNDS IR_DRG_V
DRG_AFF_NAT;35;TIERS PAYANT (PART OBLIGATOIRE -RO);SNDS IR_DRG_V
DRG_AFF_NAT;36;Tiers Payant Intégral (RO+OC);SNDS IR_DRG_V
DRG_AFF_NAT;37;SUBROGATION MULTIPLE;SNDS IR_DRG_V
DRG_AFF_NAT;38;TP RO + OC C2S;SNDS IR_DRG_V
DRG_AFF_NAT;99;VALEUR INCONNUE;SNDS IR_DRG_V
BEN_SEX_COD;0;INCONNU OU PERSONNE MORALE SANS CIVILITE;SNDS IR_SEX_V
BEN_SEX_COD;1;MASCULIN;SNDS IR_SEX_V
BEN_SEX_COD;2;FEMININ;SNDS IR_SEX_V
BEN_SEX_COD;9;VALEUR INCONNUE;SNDS IR_SEX_V
MDT_TYP_COD;1;SEJOURNE;SNDS IR_MDT_V
MDT_TYP_COD;2;EXTERNE;SNDS IR_MDT_V
MDT_TYP_COD;3;DOMICILE;SNDS IR_MDT_V
MDT_TYP_COD;9;SANS OBJET;SNDS IR_MDT_V
MFT_COD;1;tarification libre, spéciale ou sans tarification;SNDS IR_MFT_V
MFT_COD;10;PJ/DOTATION FIXES CONJOINTEMENT PAR PREFET ET PDT CONSEIL GAL.;SNDS IR_MFT_V
MFT_COD;11;FORFAIT SOINS POUR PERS.AGEES TARIF.LIBRE ET CRAM;SNDS IR_MFT_V
MFT_COD;14;ORGANISMES NATIONAUX DE SECURITE SOCIALE ET ETS THERMAUX;SNDS IR_MFT_V
MFT_COD;15;PJ/DOTATION POUR ETS. PRIVES HORS PSPH FIXES PAR ARH;SNDS IR_MFT_V
MFT_COD;16;TARIFS SERVICES SOINS A DOMICILE FIXES PAR CRAM;SNDS IR_MFT_V
MFT_COD;17;ETS SOINS LONG. DUREE PUB.PRIV. AUTORITE MIXTE ARH/PDT C.G;SNDS IR_MFT_V
MFT_COD;18;ETS CONV.PLURIAN.TRIP.AUTORITE MIXTE A.SS.MAL./ARH/ PDT C.G;SNDS IR_MFT_V
MFT_COD;19;E .H .P .A. D. AUTORITE MIXTE A.SS.MAL./PREFET OU CRAM/ PDT C.G;SNDS IR_MFT_V
MFT_COD;2;PJ/DOTATION GLOBALE FIXES PAR AUTORITE MINISTERIELLE;SNDS IR_MFT_V
MFT_COD;20;E .H .P .A. D HABILITES AIDE SOCIALE Option globale;SNDS IR_MFT_V
MFT_COD;21;E .H .P .A. D HABILITES AIDE SOCIALE HABILITES AIDE SOCIALE Option partielle;SNDS IR_MFT_V
MFT_COD;22;UNITE DE SOINS DE LONGUE DUREE HABILITES AIDE SOCIALE Option globale;SNDS IR_MFT_V
MFT_COD;23;UNITE DE SOINS DE LONGUE DUREE HABILITES AIDE SOCIALE Option partielle;SNDS IR_MFT_V
MFT_COD;24;E .H .P .A. D ET UNITES DE SOINS DE LONGUE DUREE NON HABILITES AIDE SOCIALE Option globale;SNDS IR_MFT_V
MFT_COD;25;E .H .P .A. D ET UNITES DE SOINS DE LONGUE DUREE NON HABILITES AIDE SOCIALE Option partielle;SNDS IR_MFT_V
MFT_COD;3;PJ/DOTATION GLOBALE FIXES PAR ARH . POUR ETABLISSEMENTS PUBLICS;SNDS IR_MFT_V
MFT_COD;36;Tarifs conventionnel Assurance Maladie;SNDS IR_MFT_V
MFT_COD;4;PJ/DOTATION GLOBALE FIXES PAR ARH . POUR ETAB.PRIV.P.S.P.H;SNDS IR_MFT_V
MFT_COD;40;ARS TG HAS PUI;SNDS IR_MFT_V
MFT_COD;41;ARS TG HAS NPUI;SNDS IR_MFT_V
MFT_COD;42;ARS NHAS PUI;SNDS IR_MFT_V
MFT_COD;43;ARS TG NHAS NPUI;SNDS IR_MFT_V
MFT_COD;44;ARS TP HAS PUI;SNDS IR_MFT_V
MFT_COD;45;ARS TP HAS NPUI;SNDS IR_MFT_V
MFT_COD;46;ARS TP NHAS PUI;SNDS IR_MFT_V
MFT_COD;47;ARS TP NHAS NPUI;SNDS IR_MFT_V
MFT_COD;48;ARS PCG EHPA DGS HAS;SNDS IR_MFT_V
MFT_COD;49;ARS PCG EHPA DGS NHAS;SNDS IR_MFT_V
MFT_COD;5;PJ/FORFAITS FIXES PAR PREFECTURE POUR ETABS. PUB. , PRIV.ET MEDI-SOC;SNDS IR_MFT_V
MFT_COD;50;ARS PCG PUV FS HAS;SNDS IR_MFT_V
MFT_COD;51;ARS PCG PUV FS NHAS;SNDS IR_MFT_V
MFT_COD;6;TARIF D AUTORITE FIXE PAR ARRETE INTERMINISTERIEL;SNDS IR_MFT_V
MFT_COD;7;TARIFS PAR CONTRAT AVEC ARH POUR ETABLISSEMENT PRIVES;SNDS IR_MFT_V
MFT_COD;8;POUR ORDRE, NE CONCERNE PAS LA BRANCHE MALADIE;SNDS IR_MFT_V
MFT_COD;9;TARIF/FORFAIT FIXES PAR CONSEIL GENERAL ET AUTORITE PREFECTORALE;SNDS IR_MFT_V
MFT_COD;99;VALEUR INCONNUE;SNDS IR_MFT_V
ETE_IND_TAA;0;HORS TAA;SNDS IR_TAA_V
ETE_IND_TAA;1;TAA PUBLIQUE;SNDS IR_TAA_V
ETE_IND_TAA;2;TAA PRIVE;SNDS IR_TAA_V
ETE_IND_TAA;8;NON TRANSMIS;SNDS IR_TAA_V
ETE_IND_TAA;9;VALEUR INCONNUE;SNDS IR_TAA_V
ETB_DCS_MCO;C;CHIRURGIE;SNDS IR_MCO_V
ETB_DCS_MCO;D;DOMICILE;SNDS IR_MCO_V
ETB_DCS_MCO;M;MEDECINE;SNDS IR_MCO_V
ETB_DCS_MCO;N;ODONTOLOGIE;SNDS IR_MCO_V
ETB_DCS_MCO;O;OBSTETRIQUE;SNDS IR_MCO_V
ETB_DCS_MCO;P;PSYCHIATRIE;SNDS IR_MCO_V
ETB_DCS_MCO;S;SOINS DE SUITE ET READAPTATION;SNDS IR_MCO_V
ETB_DCS_MCO;X;VALEUR INCONNUE;SNDS IR_MCO_V
ETB_DCS_MCO;Z;SANS OBJET;SNDS IR_MCO_V
ETE_CAT_SNDS;1101;CENTRES HOSPITALIERS REGIONAUX;SNDS IR_CET_D
ETE_CAT_SNDS;1102;CENTRES HOSPITALIERS;SNDS IR_CET_D
ETE_CAT_SNDS;1103;CENTRES HOSPITALIERS SPECIALISES EN LUTTE MALADIES MENTALES;SNDS IR_CET_D
ETE_CAT_SNDS;1104;CENTRES DE LUTTE CONTRE LE CANCER;SNDS IR_CET_D
ETE_CAT_SNDS;1106;HOPITAUX LOCAUX;SNDS IR_CET_D
ETE_CAT_SNDS;1107;ETABLISSEMENTS DE SANTE PRIVES AUTORISES EN SSR;SNDS IR_CET_D
ETE_CAT_SNDS;1108;CENTRES DE MOYEN ET LONG SEJOUR;SNDS IR_CET_D
ETE_CAT_SNDS;1109;ETABLISSEMENTS DE SOINS DE LONG DUREE;SNDS IR_CET_D
ETE_CAT_SNDS;1110;ETABLISSEMENTS DE SOINS DE COURTE DUREE;SNDS IR_CET_D
ETE_CAT_SNDS;1111;AUTRES ETABLISSEMENTS DE LUTTE CONTRE LES MALADIES MENTALES;SNDS IR_CET_D
ETE_CAT_SNDS;1112;ETABLISSEMENTS D ENFANTS A CARACTERE SANITAIRE;SNDS IR_CET_D
ETE_CAT_SNDS;1113;ETABLISSEMENTS DE LUTTE CONTRE L ALCOOLISME ET LES TOXICOMANIES;SNDS IR_CET_D
ETE_CAT_SNDS;1114;CENTRE CONVENTIONNE SOINS SPECIALISES POUR TOXICOMANES;SNDS IR_CET_D
ETE_CAT_SNDS;1201;TRAITEMENT ET SOINS A DOMICILE;SNDS IR_CET_D
ETE_CAT_SNDS;1203;DIALYSE AMBULATOIRE;SNDS IR_CET_D
ETE_CAT_SNDS;1204;URGENCE ET REANIMATION;SNDS IR_CET_D
ETE_CAT_SNDS;1205;AUTRES ETABLISSEMENTS RELEVANT DE LA LOI HOSPITALIERE;SNDS IR_CET_D
ETE_CAT_SNDS;2100;CABINETS LIBERAUX (SCANNER ET IRMN);SNDS IR_CET_D
ETE_CAT_SNDS;2103;AUTRES STRUCTURES D'EXERCICE LIBERAL;SNDS IR_CET_D
ETE_CAT_SNDS;2201;Dispensaires ou Centres de Soins;SNDS IR_CET_D
ETE_CAT_SNDS;2202;ETABLISSEMENTS DE PMI ET DE PLANIFICATION FAMILIALE;SNDS IR_CET_D
ETE_CAT_SNDS;2204;ETABLISSEMENTS NON LOI HOSPITALIERE;Lexique Open DAMIR 2015
ETE_CAT_SNDS;2205;ETABLISSEMENTS RELEVANT DU SERVICE DE SANTE DES ARMEES;SNDS IR_CET_D
ETE_CAT_SNDS;2206;CENTRES DE SANTE;SNDS IR_CET_D
ETE_CAT_SNDS;3401;TRANSFUSION SANGUINE;SNDS IR_CET_D
ETE_CAT_SNDS;3402;CONSERVATION ET STOCKAGE D AUTRES PRODUITS HUMAINS;SNDS IR_CET_D
ETE_CAT_SNDS;3403;STRUCTURES ET FILIERES DE SOINS SOUBIE;SNDS IR_CET_D
ETE_CAT_SNDS;3404;STRUCTURES ET FILIERES DE SOINS HORS SOUBIE;SNDS IR_CET_D
ETE_CAT_SNDS;3406;MAISON DE NAISSANCE;SNDS IR_CET_D
ETE_CAT_SNDS;3407;ETABLISSEMENTS EXPERIMENTAUX EN SANTE;SNDS IR_CET_D
ETE_CAT_SNDS;3408;CENTRE DE RESSOURCES TRANSVERSES;SNDS IR_CET_D
ETE_CAT_SNDS;4101;ETABLISSEMENTS EDUCATION SPECIALE POUR DEFICIENTS MENTAUX ET POLYHANDICAPES;SNDS IR_CET_D
ETE_CAT_SNDS;4102;ETABLISSEMENTS EDUCATION SPECIALE POUR ENFANTS ATTEINTS DE TROUBLE DE LA CONDUITE ET DU COMPORTEMENT;SNDS IR_CET_D
ETE_CAT_SNDS;4103;ETABLISSEMENTS EDUCATION SPECIALE POUR HANDICAPES MOTEURS;SNDS IR_CET_D
ETE_CAT_SNDS;4104;ETABLISSEMENTS EDUCATION SPECIALE POUR DEFICIENTS SENSORIELS;SNDS IR_CET_D
ETE_CAT_SNDS;4105;ETABLISSEMENTS ET SERVICES D HEBERGEMENT POUR HANDICAPES;SNDS IR_CET_D
ETE_CAT_SNDS;4106;SERVICES A DOMICILE OU AMBULATOIRE POUR HANDICAPES;SNDS IR_CET_D
ETE_CAT_SNDS;4107;ETABLISSEMENTS EXPERIMENTAUX EN FAVEUR DE L ENFANCE HANDICAPEE;SNDS IR_CET_D
ETE_CAT_SNDS;4301;ETABLISSEMENTS ET SERVICES POUR ADULTES HANDICAPES;SNDS IR_CET_D
ETE_CAT_SNDS;4302;ETABLISSEMENTS ET SERVICES DE TRAVAIL PROTEGE POUR ADULTES HANDICAPES;SNDS IR_CET_D
ETE_CAT_SNDS;4303;ETABLISSEMENTS ET SERVICES DE REINSERTION PROFESSIONNELLE POUR ADULTES HANDICAPES;SNDS IR_CET_D
ETE_CAT_SNDS;4304;ETABLISSEMENTS EXPERIMENTAUX EN FAVEUR DES ADULTES HANDICAPES;SNDS IR_CET_D
ETE_CAT_SNDS;4305;SERVICES DE MAINTIEN A DOMICILE POUR HANDICAPES;SNDS IR_CET_D
ETE_CAT_SNDS;4401;ETABLISSEMENTS D HEBERGEMENT POUR PERSONNES AGEES;SNDS IR_CET_D
ETE_CAT_SNDS;4402;SERVICES SANITAIRES DE MAINTIEN A DOMICILE POUR PERSONNES AGEES;SNDS IR_CET_D
ETE_CAT_SNDS;4404;ETABLISSEMENTS EXPERIMENTAUX EN FAVEUR DES PERSONNES AGEES;SNDS IR_CET_D
ETE_CAT_SNDS;4501;ETABLISSEMENTS DE L AIDE SOCIALE A L ENFANCE;SNDS IR_CET_D
ETE_CAT_SNDS;4601;ETABLISSEMENTS POUR ADULTES ET FAMILLE EN DIFFICULTE;SNDS IR_CET_D
ETE_CAT_SNDS;4603;ETABLISSEMENTS EXPERIMENTAUX EN FAVEUR DES ADULTES;SNDS IR_CET_D
ETE_CAT_SNDS;4604;AUTRES ETABLISSEMENTS D ACCUEIL;SNDS IR_CET_D
ETE_CAT_SNDS;4605;ETABLISSEMENTS ET SERVICES MULTI- CLIENTELE;SNDS IR_CET_D
ETE_CAT_SNDS;4606;CENTRE DE RESSOURCES;SNDS IR_CET_D
ETE_CAT_SNDS;9999;VALEUR INCONNUE;SNDS IR_CET_D
ETP_CAT_SNDS;1101;CENTRES HOSPITALIERS REGIONAUX;SNDS IR_CET_D
ETP_CAT_SNDS;1102;CENTRES HOSPITALIERS;SNDS IR_CET_D
ETP_CAT_SNDS;1103;CENTRES HOSPITALIERS SPECIALISES EN LUTTE MALADIES MENTALES;SNDS IR_CET_D
ETP_CAT_SNDS;1104;CENTRES DE LUTTE CONTRE LE CANCER;SNDS IR_CET_D
ETP_CAT_SNDS;1106;HOPITAUX LOCAUX;SNDS IR_CET_D
ETP_CAT_SNDS;1107;ETABLISSEMENTS DE SANTE PRIVES AUTORISES EN SSR;SNDS IR_CET_D
ETP_CAT_SNDS;1108;CENTRES DE MOYEN ET LONG SEJOUR;SNDS IR_CET_D
ETP_CAT_SNDS;1109;ETABLISSEMENTS DE SOINS DE LONG DUREE;SNDS IR_CET_D
ETP_CAT_SNDS;1110;ETABLISSEMENTS DE SOINS DE COURTE DUREE;SNDS IR_CET_D
ETP_CAT_SNDS;1111;AUTRES ETABLISSEMENTS DE LUTTE CONTRE LES MALADIES MENTALES;SNDS IR_CET_D
ETP_CAT_SNDS;1112;ETABLISSEMENTS D ENFANTS A CARACTERE SANITAIRE;SNDS IR_CET_D
ETP_CAT_SNDS;1113;ETABLISSEMENTS DE LUTTE CONTRE L ALCOOLISME ET LES TOXICOMANIES;SNDS IR_CET_D
ETP_CAT_SNDS;1114;CENTRE CONVENTIONNE SOINS SPECIALISES POUR TOXICOMANES;SNDS IR_CET_D
ETP_CAT_SNDS;1201;TRAITEMENT ET SOINS A DOMICILE;SNDS IR_CET_D
ETP_CAT_SNDS;1203;DIALYSE AMBULATOIRE;SNDS IR_CET_D
ETP_CAT_SNDS;1204;URGENCE ET REANIMATION;SNDS IR_CET_D
ETP_CAT_SNDS;1205;AUTRES ETABLISSEMENTS RELEVANT DE LA LOI HOSPITALIERE;SNDS IR_CET_D
ETP_CAT_SNDS;2100;CABINETS LIBERAUX (SCANNER ET IRMN);SNDS IR_CET_D
ETP_CAT_SNDS;2103;AUTRES STRUCTURES D'EXERCICE LIBERAL;SNDS IR_CET_D
ETP_CAT_SNDS;2201;Dispensaires ou Centres de Soins;SNDS IR_CET_D
ETP_CAT_SNDS;2202;ETABLISSEMENTS DE PMI ET DE PLANIFICATION FAMILIALE;SNDS IR_CET_D
ETP_CAT_SNDS;2204;ETABLISSEMENTS NON LOI HOSPITALIERE;Lexique Open DAMIR 2015
ETP_CAT_SNDS;2205;ETABLISSEMENTS RELEVANT DU SERVICE DE SANTE DES ARMEES;SNDS IR_CET_D
ETP_CAT_SNDS;2206;CENTRES DE SANTE;SNDS IR_CET_D
ETP_CAT_SNDS;3401;TRANSFUSION SANGUINE;SNDS IR_CET_D
ETP_CAT_SNDS;3402;CONSERVATION ET STOCKAGE D AUTRES PRODUITS HUMAINS;SNDS IR_CET_D
ETP_CAT_SNDS;3403;STRUCTURES ET FILIERES DE SOINS SOUBIE;SNDS IR_CET_D
ETP_CAT_SNDS;3404;STRUCTURES ET FILIERES DE SOINS HORS SOUBIE;SNDS IR_CET_D
ETP_CAT_SNDS;3406;MAISON DE NAISSANCE;SNDS IR_CET_D
ETP_CAT_SNDS;3407;ETABLISSEMENTS EXPERIMENTAUX EN SANTE;SNDS IR_CET_D
ETP_CAT_SNDS;3408;CENTRE DE RESSOURCES TRANSVERSES;SNDS IR_CET_D
ETP_CAT_SNDS;4101;ETABLISSEMENTS EDUCATION SPECIALE POUR DEFICIENTS MENTAUX ET POLYHANDICAPES;SNDS IR_CET_D
ETP_CAT_SNDS;4102;ETABLISSEMENTS EDUCATION SPECIALE POUR ENFANTS ATTEINTS DE TROUBLE DE LA CONDUITE ET DU COMPORTEMENT;SNDS IR_CET_D
ETP_CAT_SNDS;4103;ETABLISSEMENTS EDUCATION SPECIALE POUR HANDICAPES MOTEURS;SNDS IR_CET_D
ETP_CAT_SNDS;4104;ETABLISSEMENTS EDUCATION SPECIALE POUR DEFICIENTS SENSORIELS;SNDS IR_CET_D
ETP_CAT_SNDS;4105;ETABLISSEMENTS ET SERVICES D HEBERGEMENT POUR HANDICAPES;SNDS IR_CET_D
ETP_CAT_SNDS;4106;SERVICES A DOMICILE OU AMBULATOIRE POUR HANDICAPES;SNDS IR_CET_D
ETP_CAT_SNDS;4107;ETABLISSEMENTS EXPERIMENTAUX EN FAVEUR DE L ENFANCE HANDICAPEE;SNDS IR_CET_D
ETP_CAT_SNDS;4301;ETABLISSEMENTS ET SERVICES POUR ADULTES HANDICAPES;SNDS IR_CET_D
ETP_CAT_SNDS;4302;ETABLISSEMENTS ET SERVICES DE TRAVAIL PROTEGE POUR ADULTES HANDICAPES;SNDS IR_CET_D
ETP_CAT_SNDS;4303;ETABLISSEMENTS ET SERVICES DE REINSERTION PROFESSIONNELLE POUR ADULTES HANDICAPES;SNDS IR_CET_D
ETP_CAT_SNDS;4304;ETABLISSEMENTS EXPERIMENTAUX EN FAVEUR DES ADULTES HANDICAPES;SNDS IR_CET_D
ETP_CAT_SNDS;4305;SERVICES DE MAINTIEN A DOMICILE POUR HANDICAPES;SNDS IR_CET_D
ETP_CAT_SNDS;4401;ETABLISSEMENTS D HEBERGEMENT POUR PERSONNES AGEES;SNDS IR_CET_D
ETP_CAT_SNDS;4402;SERVICES SANITAIRES DE MAINTIEN A DOMICILE POUR PERSONNES AGEES;SNDS IR_CET_D
ETP_CAT_SNDS;4404;ETABLISSEMENTS EXPERIMENTAUX EN FAVEUR DES PERSONNES AGEES;SNDS IR_CET_D
ETP_CAT_SNDS;4501;ETABLISSEMENTS DE L AIDE SOCIALE A L ENFANCE;SNDS IR_CET_D
ETP_CAT_SNDS;4601;ETABLISSEMENTS POUR ADULTES ET FAMILLE EN DIFFICULTE;SNDS IR_CET_D
ETP_CAT_SNDS;4603;ETABLISSEMENTS EXPERIMENTAUX EN FAVEUR DES ADULTES;SNDS IR_CET_D
ETP_CAT_SNDS;4604;AUTRES ETABLISSEMENTS D ACCUEIL;SNDS IR_CET_D
ETP_CAT_SNDS;4605;ETABLISSEMENTS ET SERVICES MULTI- CLIENTELE;SNDS IR_CET_D
ETP_CAT_SNDS;4606;CENTRE DE RESSOURCES;SNDS IR_CET_D
ETP_CAT_SNDS;9999;VALEUR INCONNUE;SNDS IR_CET_D
ORG_CLE_REG;0;DOM TOM;SNDS IR_REG_V
ORG_CLE_REG;1;GUADELOUPE;SNDS IR_REG_V
ORG_CLE_REG;11;ILE DE FRANCE;SNDS IR_REG_V
ORG_CLE_REG;2;MARTINIQUE;SNDS IR_REG_V
ORG_CLE_REG;21;CHAMPAGNE-ARDENNE;SNDS IR_REG_V
ORG_CLE_REG;22;PICARDIE;SNDS IR_REG_V
ORG_CLE_REG;23;HAUTE-NORMANDIE;SNDS IR_REG_V
ORG_CLE_REG;24;CENTRE-VAL DE LOIRE;SNDS IR_REG_V
ORG_CLE_REG;25;BASSE-NORMANDIE;SNDS IR_REG_V
ORG_CLE_REG;26;BOURGOGNE;SNDS IR_REG_V
ORG_CLE_REG;27;BOURGOGNE-FRANCHE-COMTE;SNDS IR_REG_V
ORG_CLE_REG;28;NORMANDIE;SNDS IR_REG_V
ORG_CLE_REG;3;GUYANE;SNDS IR_REG_V
ORG_CLE_REG;31;NORD-PAS-DE-CALAIS;SNDS IR_REG_V
ORG_CLE_REG;32;HAUTS-DE-FRANCE;SNDS IR_REG_V
ORG_CLE_REG;4;REUNION;SNDS IR_REG_V
ORG_CLE_REG;41;LORRAINE;SNDS IR_REG_V
ORG_CLE_REG;42;ALSACE;SNDS IR_REG_V
ORG_CLE_REG;43;FRANCHE-COMTE;SNDS IR_REG_V
ORG_CLE_REG;44;GRAND-EST;SNDS IR_REG_V
ORG_CLE_REG;5;CORSE ET OUTRE-MER (regroupement, à confirmer);Complément du projet
ORG_CLE_REG;52;PAYS-DE-LA-LOIRE;SNDS IR_REG_V
ORG_CLE_REG;53;BRETAGNE;SNDS IR_REG_V
ORG_CLE_REG;54;POITOU-CHARENTES;SNDS IR_REG_V
ORG_CLE_REG;6;CSS MAYOTTE;SNDS IR_REG_V
ORG_CLE_REG;72;AQUITAINE;SNDS IR_REG_V
ORG_CLE_REG;73;MIDI-PYRENEES;SNDS IR_REG_V
ORG_CLE_REG;74;LIMOUSIN;SNDS IR_REG_V
ORG_CLE_REG;75;NOUVELLE-AQUITAINE;SNDS IR_REG_V
ORG_CLE_REG;76;OCCITANIE;SNDS IR_REG_V
ORG_CLE_REG;82;RHONE-ALPES;SNDS IR_REG_V
ORG_CLE_REG;83;AUVERGNE;SNDS IR_REG_V
ORG_CLE_REG;84;AUVERGNE-RHONE-ALPES;SNDS IR_REG_V
ORG_CLE_REG;91;LANGUEDOC-ROUSSILLON;SNDS IR_REG_V
ORG_CLE_REG;93;PROVENCE-ALPES-COTE D'AZUR;SNDS IR_REG_V
ORG_CLE_REG;94;CORSE;SNDS IR_REG_V
ORG_CLE_REG;99;INCONNU;SNDS IR_REG_V
BEN_RES_REG;0;DOM TOM;SNDS IR_REG_V
BEN_RES_REG;1;GUADELOUPE;SNDS IR_REG_V
BEN_RES_REG;11;ILE DE FRANCE;SNDS IR_REG_V
BEN_RES_REG;2;MARTINIQUE;SNDS IR_REG_V
BEN_RES_REG;21;CHAMPAGNE-ARDENNE;SNDS IR_REG_V
BEN_RES_REG;22;PICARDIE;SNDS IR_REG_V
BEN_RES_REG;23;HAUTE-NORMANDIE;SNDS IR_REG_V
BEN_RES_REG;24;CENTRE-VAL DE LOIRE;SNDS IR_REG_V
BEN_RES_REG;25;BASSE-NORMANDIE;SNDS IR_REG_V
BEN_RES_REG;26;BOURGOGNE;SNDS IR_REG_V
BEN_RES_REG;27;BOURGOGNE-FRANCHE-COMTE;SNDS IR_REG_V
BEN_RES_REG;28;NORMANDIE;SNDS IR_REG_V
BEN_RES_REG;3;GUYANE;SNDS IR_REG_V
BEN_RES_REG;31;NORD-PAS-DE-CALAIS;SNDS IR_REG_V
BEN_RES_REG;32;HAUTS-DE-FRANCE;SNDS IR_REG_V
BEN_RES_REG;4;REUNION;SNDS IR_REG_V
BEN_RES_REG;41;LORRAINE;SNDS IR_REG_V
BEN_RES_REG;42;ALSACE;SNDS IR_REG_V
BEN_RES_REG;43;FRANCHE-COMTE;SNDS IR_REG_V
BEN_RES_REG;44;GRAND-EST;SNDS IR_REG_V
BEN_RES_REG;5;CORSE ET OUTRE-MER (regroupement, à confirmer);Complément du projet
BEN_RES_REG;52;PAYS-DE-LA-LOIRE;SNDS IR_REG_V
BEN_RES_REG;53;BRETAGNE;SNDS IR_REG_V
BEN_RES_REG;54;POITOU-CHARENTES;SNDS IR_REG_V
BEN_RES_REG;6;CSS MAYOTTE;SNDS IR_REG_V
BEN_RES_REG;72;AQUITAINE;SNDS IR_REG_V
BEN_RES_REG;73;MIDI-PYRENEES;SNDS IR_REG_V
BEN_RES_REG;74;LIMOUSIN;SNDS IR_REG_V
BEN_RES_REG;75;NOUVELLE-AQUITAINE;SNDS IR_REG_V
BEN_RES_REG;76;OCCITANIE;SNDS IR_REG_V
BEN_RES_REG;82;RHONE-ALPES;SNDS IR_REG_V
BEN_RES_REG;83;AUVERGNE;SNDS IR_REG_V
BEN_RES_REG;84;AUVERGNE-RHONE-ALPES;SNDS IR_REG_V
BEN_RES_REG;91;LANGUEDOC-ROUSSILLON;SNDS IR_REG_V
BEN_RES_REG;93;PROVENCE-ALPES-COTE D'AZUR;SNDS IR_REG_V
BEN_RES_REG;94;CORSE;SNDS IR_REG_V
BEN_RES_REG;99;INCONNU;SNDS IR_REG_V
ETE_REG_COD;0;DOM TOM;SNDS IR_REG_V
ETE_REG_COD;1;GUADELOUPE;SNDS IR_REG_V
ETE_REG_COD;11;ILE DE FRANCE;SNDS IR_REG_V
ETE_REG_COD;2;MARTINIQUE;SNDS IR_REG_V
ETE_REG_COD;21;CHAMPAGNE-ARDENNE;SNDS IR_REG_V
ETE_REG_COD;22;PICARDIE;SNDS IR_REG_V
ETE_REG_COD;23;HAUTE-NORMANDIE;SNDS IR_REG_V
ETE_REG_COD;24;CENTRE-VAL DE LOIRE;SNDS IR_REG_V
ETE_REG_COD;25;BASSE-NORMANDIE;SNDS IR_REG_V
ETE_REG_COD;26;BOURGOGNE;SNDS IR_REG_V
ETE_REG_COD;27;BOURGOGNE-FRANCHE-COMTE;SNDS IR_REG_V
ETE_REG_COD;28;NORMANDIE;SNDS IR_REG_V
ETE_REG_COD;3;GUYANE;SNDS IR_REG_V
ETE_REG_COD;31;NORD-PAS-DE-CALAIS;SNDS IR_REG_V
ETE_REG_COD;32;HAUTS-DE-FRANCE;SNDS IR_REG_V
ETE_REG_COD;4;REUNION;SNDS IR_REG_V
ETE_REG_COD;41;LORRAINE;SNDS IR_REG_V
ETE_REG_COD;42;ALSACE;SNDS IR_REG_V
ETE_REG_COD;43;FRANCHE-COMTE;SNDS IR_REG_V
ETE_REG_COD;44;GRAND-EST;SNDS IR_REG_V
ETE_REG_COD;5;CORSE ET OUTRE-MER (regroupement, à confirmer);Complément du projet
ETE_REG_COD;52;PAYS-DE-LA-LOIRE;SNDS IR_REG_V
ETE_REG_COD;53;BRETAGNE;SNDS IR_REG_V
ETE_REG_COD;54;POITOU-CHARENTES;SNDS IR_REG_V
ETE_REG_COD;6;CSS MAYOTTE;SNDS IR_REG_V
ETE_REG_COD;72;AQUITAINE;SNDS IR_REG_V
ETE_REG_COD;73;MIDI-PYRENEES;SNDS IR_REG_V
ETE_REG_COD;74;LIMOUSIN;SNDS IR_REG_V
ETE_REG_COD;75;NOUVELLE-AQUITAINE;SNDS IR_REG_V
ETE_REG_COD;76;OCCITANIE;SNDS IR_REG_V
ETE_REG_COD;82;RHONE-ALPES;SNDS IR_REG_V
ETE_REG_COD;83;AUVERGNE;SNDS IR_REG_V
ETE_REG_COD;84;AUVERGNE-RHONE-ALPES;SNDS IR_REG_V
ETE_REG_COD;91;LANGUEDOC-ROUSSILLON;SNDS IR_REG_V
ETE_REG_COD;93;PROVENCE-ALPES-COTE D'AZUR;SNDS IR_REG_V
ETE_REG_COD;94;CORSE;SNDS IR_REG_V
ETE_REG_COD;99;INCONNU;SNDS IR_REG_V
ETP_REG_COD;0;DOM TOM;SNDS IR_REG_V
ETP_REG_COD;1;GUADELOUPE;SNDS IR_REG_V
ETP_REG_COD;11;ILE DE FRANCE;SNDS IR_REG_V
ETP_REG_COD;2;MARTINIQUE;SNDS IR_REG_V
ETP_REG_COD;21;CHAMPAGNE-ARDENNE;SNDS IR_REG_V
ETP_REG_COD;22;PICARDIE;SNDS IR_REG_V
ETP_REG_COD;23;HAUTE-NORMANDIE;SNDS IR_REG_V
ETP_REG_COD;24;CENTRE-VAL DE LOIRE;SNDS IR_REG_V
ETP_REG_COD;25;BASSE-NORMANDIE;SNDS IR_REG_V
ETP_REG_COD;26;BOURGOGNE;SNDS IR_REG_V
ETP_REG_COD;27;BOURGOGNE-FRANCHE-COMTE;SNDS IR_REG_V
ETP_REG_COD;28;NORMANDIE;SNDS IR_REG_V
ETP_REG_COD;3;GUYANE;SNDS IR_REG_V
ETP_REG_COD;31;NORD-PAS-DE-CALAIS;SNDS IR_REG_V
ETP_REG_COD;32;HAUTS-DE-FRANCE;SNDS IR_REG_V
ETP_REG_COD;4;REUNION;SNDS IR_REG_V
ETP_REG_COD;41;LORRAINE;SNDS IR_REG_V
ETP_REG_COD;42;ALSACE;SNDS IR_REG_V
ETP_REG_COD;43;FRANCHE-COMTE;SNDS IR_REG_V
ETP_REG_COD;44;GRAND-EST;SNDS IR_REG_V
ETP_REG_COD;5;CORSE ET OUTRE-MER (regroupement, à confirmer);Complément du projet
ETP_REG_COD;52;PAYS-DE-LA-LOIRE;SNDS IR_REG_V
ETP_REG_COD;53;BRETAGNE;SNDS IR_REG_V
ETP_REG_COD;54;POITOU-CHARENTES;SNDS IR_REG_V
ETP_REG_COD;6;CSS MAYOTTE;SNDS IR_REG_V
ETP_REG_COD;72;AQUITAINE;SNDS IR_REG_V
ETP_REG_COD;73;MIDI-PYRENEES;SNDS IR_REG_V
ETP_REG_COD;74;LIMOUSIN;SNDS IR_REG_V
ETP_REG_COD;75;NOUVELLE-AQUITAINE;SNDS IR_REG_V
ETP_REG_COD;76;OCCITANIE;SNDS IR_REG_V
ETP_REG_COD;82;RHONE-ALPES;SNDS IR_REG_V
ETP_REG_COD;83;AUVERGNE;SNDS IR_REG_V
ETP_REG_COD;84;AUVERGNE-RHONE-ALPES;SNDS IR_REG_V
ETP_REG_COD;91;LANGUEDOC-ROUSSILLON;SNDS IR_REG_V
ETP_REG_COD;93;PROVENCE-ALPES-COTE D'AZUR;SNDS IR_REG_V
ETP_REG_COD;94;CORSE;SNDS IR_REG_V
ETP_REG_COD;99;INCONNU;SNDS IR_REG_V
EXE_INS_REG;0;DOM TOM;SNDS IR_REG_V
EXE_INS_REG;1;GUADELOUPE;SNDS IR_REG_V
EXE_INS_REG;11;ILE DE FRANCE;SNDS IR_REG_V
EXE_INS_REG;2;MARTINIQUE;SNDS IR_REG_V
EXE_INS_REG;21;CHAMPAGNE-ARDENNE;SNDS IR_REG_V
EXE_INS_REG;22;PICARDIE;SNDS IR_REG_V
EXE_INS_REG;23;HAUTE-NORMANDIE;SNDS IR_REG_V
EXE_INS_REG;24;CENTRE-VAL DE LOIRE;SNDS IR_REG_V
EXE_INS_REG;25;BASSE-NORMANDIE;SNDS IR_REG_V
EXE_INS_REG;26;BOURGOGNE;SNDS IR_REG_V
EXE_INS_REG;27;BOURGOGNE-FRANCHE-COMTE;SNDS IR_REG_V
EXE_INS_REG;28;NORMANDIE;SNDS IR_REG_V
EXE_INS_REG;3;GUYANE;SNDS IR_REG_V
EXE_INS_REG;31;NORD-PAS-DE-CALAIS;SNDS IR_REG_V
EXE_INS_REG;32;HAUTS-DE-FRANCE;SNDS IR_REG_V
EXE_INS_REG;4;REUNION;SNDS IR_REG_V
EXE_INS_REG;41;LORRAINE;SNDS IR_REG_V
EXE_INS_REG;42;ALSACE;SNDS IR_REG_V
EXE_INS_REG;43;FRANCHE-COMTE;SNDS IR_REG_V
EXE_INS_REG;44;GRAND-EST;SNDS IR_REG_V
EXE_INS_REG;5;CORSE ET OUTRE-MER (regroupement, à confirmer);Complément du projet
EXE_INS_REG;52;PAYS-DE-LA-LOIRE;SNDS IR_REG_V
EXE_INS_REG;53;BRETAGNE;SNDS IR_REG_V
EXE_INS_REG;54;POITOU-CHARENTES;SNDS IR_REG_V
EXE_INS_REG;6;CSS MAYOTTE;SNDS IR_REG_V
EXE_INS_REG;72;AQUITAINE;SNDS IR_REG_V
EXE_INS_REG;73;MIDI-PYRENEES;SNDS IR_REG_V
EXE_INS_REG;74;LIMOUSIN;SNDS IR_REG_V
EXE_INS_REG;75;NOUVELLE-AQUITAINE;SNDS IR_REG_V
EXE_INS_REG;76;OCCITANIE;SNDS IR_REG_V
EXE_INS_REG;82;RHONE-ALPES;SNDS IR_REG_V
EXE_INS_REG;83;AUVERGNE;SNDS IR_REG_V
EXE_INS_REG;84;AUVERGNE-RHONE-ALPES;SNDS IR_REG_V
EXE_INS_REG;91;LANGUEDOC-ROUSSILLON;SNDS IR_REG_V
EXE_INS_REG;93;PROVENCE-ALPES-COTE D'AZUR;SNDS IR_REG_V
EXE_INS_REG;94;CORSE;SNDS IR_REG_V
EXE_INS_REG;99;INCONNU;SNDS IR_REG_V
PRE_INS_REG;0;DOM TOM;SNDS IR_REG_V
PRE_INS_REG;1;GUADELOUPE;SNDS IR_REG_V
PRE_INS_REG;11;ILE DE FRANCE;SNDS IR_REG_V
PRE_INS_REG;2;MARTINIQUE;SNDS IR_REG_V
PRE_INS_REG;21;CHAMPAGNE-ARDENNE;SNDS IR_REG_V
PRE_INS_REG;22;PICARDIE;SNDS IR_REG_V
PRE_INS_REG;23;HAUTE-NORMANDIE;SNDS IR_REG_V
PRE_INS_REG;24;CENTRE-VAL DE LOIRE;SNDS IR_REG_V
PRE_INS_REG;25;BASSE-NORMANDIE;SNDS IR_REG_V
PRE_INS_REG;26;BOURGOGNE;SNDS IR_REG_V
PRE_INS_REG;27;BOURGOGNE-FRANCHE-COMTE;SNDS IR_REG_V
PRE_INS_REG;28;NORMANDIE;SNDS IR_REG_V
PRE_INS_REG;3;GUYANE;SNDS IR_REG_V
PRE_INS_REG;31;NORD-PAS-DE-CALAIS;SNDS IR_REG_V
PRE_INS_REG;32;HAUTS-DE-FRANCE;SNDS IR_REG_V
PRE_INS_REG;4;REUNION;SNDS IR_REG_V
PRE_INS_REG;41;LORRAINE;SNDS IR_REG_V
PRE_INS_REG;42;ALSACE;SNDS IR_REG_V
PRE_INS_REG;43;FRANCHE-COMTE;SNDS IR_REG_V
PRE_INS_REG;44;GRAND-EST;SNDS IR_REG_V
PRE_INS_REG;5;CORSE ET OUTRE-MER (regroupement, à confirmer);Complément du projet
PRE_INS_REG;52;PAYS-DE-LA-LOIRE;SNDS IR_REG_V
PRE_INS_REG;53;BRETAGNE;SNDS IR_REG_V
PRE_INS_REG;54;POITOU-CHARENTES;SNDS IR_REG_V
PRE_INS_REG;6;CSS MAYOTTE;SNDS IR_REG_V
PRE_INS_REG;72;AQUITAINE;SNDS IR_REG_V
PRE_INS_REG;73;MIDI-PYRENEES;SNDS IR_REG_V
PRE_INS_REG;74;LIMOUSIN;SNDS IR_REG_V
PRE_INS_REG;75;NOUVELLE-AQUITAINE;SNDS IR_REG_V
PRE_INS_REG;76;OCCITANIE;SNDS IR_REG_V
PRE_INS_REG;82;RHONE-ALPES;SNDS IR_REG_V
PRE_INS_REG;83;AUVERGNE;SNDS IR_REG_V
PRE_INS_REG;84;AUVERGNE-RHONE-ALPES;SNDS IR_REG_V
PRE_INS_REG;91;LANGUEDOC-ROUSSILLON;SNDS IR_REG_V
PRE_INS_REG;93;PROVENCE-ALPES-COTE D'AZUR;SNDS IR_REG_V
PRE_INS_REG;94;CORSE;SNDS IR_REG_V
PRE_INS_REG;99;INCONNU;SNDS IR_REG_V
AGE_BEN_SNDS;0;0-19 ANS;Lexique Open DAMIR 2015
AGE_BEN_SNDS;20;20 - 29 ANS;Lexique Open DAMIR 2015
AGE_BEN_SNDS;30;30 - 39 ANS;Lexique Open DAMIR 2015
AGE_BEN_SNDS;40;40 - 49 ANS;Lexique Open DAMIR 2015
AGE_BEN_SNDS;50;50 - 59 ANS;Lexique Open DAMIR 2015
AGE_BEN_SNDS;60;60 - 69 ANS;Lexique Open DAMIR 2015
AGE_BEN_SNDS;70;70 - 79 ANS;Lexique Open DAMIR 2015
AGE_BEN_SNDS;80;80 ANS ET +;Lexique Open DAMIR 2015
AGE_BEN_SNDS;99;AGE INCONNU;Lexique Open DAMIR 2015
PSE_SPE_SNDS;0;NON RENSEIGNE;Lexique Open DAMIR 2015
PSE_SPE_SNDS;1;MEDECINE GENERALE;Lexique Open DAMIR 2015
PSE_SPE_SNDS;10;NEUROCHIRURGIE;SNDS IR_SPE_V
PSE_SPE_SNDS;11;OTO RHINO-LARYNGOLOGIE;Lexique Open DAMIR 2015
PSE_SPE_SNDS;12;PEDIATRIE;Lexique Open DAMIR 2015
PSE_SPE_SNDS;13;PNEUMOLOGIE;Lexique Open DAMIR 2015
PSE_SPE_SNDS;14;RHUMATOLOGIE;Lexique Open DAMIR 2015
PSE_SPE_SNDS;15;OPHTALMOLOGIE;Lexique Open DAMIR 2015
PSE_SPE_SNDS;16;CHIRURGIE UROLOGIQUE;SNDS IR_SPE_V
PSE_SPE_SNDS;17;NEUROPSYCHIATRIE;SNDS IR_SPE_V
PSE_SPE_SNDS;18;STOMATOLOGIE;Lexique Open DAMIR 2015
PSE_SPE_SNDS;2;ANESTHESIOLOGIE - REANIMATION;Lexique Open DAMIR 2015
PSE_SPE_SNDS;20;REANIMATION INTENSIVE MEDICALE;SNDS IR_SPE_V
PSE_SPE_SNDS;22;SPECIALISTE EN MEDECINE GENERALE AVEC DIPLÔME;SNDS IR_SPE_V
PSE_SPE_SNDS;23;SPECIALITE EN MED. GENERALE RECONNUE PAR L'ORDRE;SNDS IR_SPE_V
PSE_SPE_SNDS;3;PATHOLOGIE CARDIO-VASCULAIRE;Lexique Open DAMIR 2015
PSE_SPE_SNDS;31;MEDECINE PHYSIQUE ET DE READAPTATION;Lexique Open DAMIR 2015
PSE_SPE_SNDS;32;NEUROLOGIE;Lexique Open DAMIR 2015
PSE_SPE_SNDS;33;PSYCHIATRIE;Lexique Open DAMIR 2015
PSE_SPE_SNDS;34;GERIATRIE;Lexique Open DAMIR 2015
PSE_SPE_SNDS;35;NEPHROLOGIE;Lexique Open DAMIR 2015
PSE_SPE_SNDS;36;CHIRURGIE DENTAIRE (SPECIALISTE O.D.F.);Lexique Open DAMIR 2015
PSE_SPE_SNDS;37;ANATOMIE-CYTOLOGIE-PATHOLOGIQUE;Lexique Open DAMIR 2015
PSE_SPE_SNDS;38;DIRECTEUR LABORATOIRE MEDECIN;Lexique Open DAMIR 2015
PSE_SPE_SNDS;4;CHIRURGIE;Lexique Open DAMIR 2015
PSE_SPE_SNDS;41;CHIRURGIE ORTHOPEDIQUE ET TRAUMATOLOGIE;SNDS IR_SPE_V
PSE_SPE_SNDS;42;ENDOCRINOLOGIE ET METABOLISMES;Lexique Open DAMIR 2015
PSE_SPE_SNDS;43;CHIRURGIE INFANTILE;SNDS IR_SPE_V
PSE_SPE_SNDS;44;CHIRURGIE MAXILLO-FACIALE;SNDS IR_SPE_V
PSE_SPE_SNDS;45;CHIRURGIE MAXILLO-FACIALE ET STOMATOLOGIE;SNDS IR_SPE_V
PSE_SPE_SNDS;46;CHIRURGIE PLASTIQUE RECONSTRUCTRICE ET ESTHETIQUE;SNDS IR_SPE_V
PSE_SPE_SNDS;47;CHIRURGIE THORACIQUE ET CARDIO-VASCULAIRE;SNDS IR_SPE_V
PSE_SPE_SNDS;48;CHIRURGIE VASCULAIRE;SNDS IR_SPE_V
PSE_SPE_SNDS;49;CHIRURGIE VISCERALE ET DIGESTIVE;SNDS IR_SPE_V
PSE_SPE_SNDS;5;DERMATOLOGIE ET VENEROLOGIE;Lexique Open DAMIR 2015
PSE_SPE_SNDS;6;RADIOLOGIE;Lexique Open DAMIR 2015
PSE_SPE_SNDS;69;CHIRURGIE ORALE;SNDS IR_SPE_V
PSE_SPE_SNDS;7;GYNECOLOGIE OBSTETRIQUE;Lexique Open DAMIR 2015
PSE_SPE_SNDS;70;GYNECOLOGIE MEDICALE;SNDS IR_SPE_V
PSE_SPE_SNDS;71;HEMATOLOGIE;SNDS IR_SPE_V
PSE_SPE_SNDS;72;MEDECINE NUCLEAIRE;SNDS IR_SPE_V
PSE_SPE_SNDS;73;ONCOLOGIE MEDICALE;SNDS IR_SPE_V
PSE_SPE_SNDS;74;ONCOLOGIE RADIOTHERAPIQUE;SNDS IR_SPE_V
PSE_SPE_SNDS;75;PSYCHIATRIE DE L ENFANT ET DE L ADOLESCENT;SNDS IR_SPE_V
PSE_SPE_SNDS;76;RADIOTHERAPIE;SNDS IR_SPE_V
PSE_SPE_SNDS;77;OBSTETRIQUE;SNDS IR_SPE_V
PSE_SPE_SNDS;78;GENETIQUE MEDICALE;SNDS IR_SPE_V
PSE_SPE_SNDS;79;GYNECOLOGIE OBSTETRIQUE ET GYNECOLOGIE MEDICALE;SNDS IR_SPE_V
PSE_SPE_SNDS;8;GASTRO-ENTEROLOGIE ET HEPATOLOGIE;Lexique Open DAMIR 2015
PSE_SPE_SNDS;80;SANTE PUBLIQUE ET MEDECINE SOCIALE;Lexique Open DAMIR 2015
PSE_SPE_SNDS;81;MEDECINE DES MALADIES INFECTIEUSES ET TROPICALES;SNDS IR_SPE_V
PSE_SPE_SNDS;82;MEDECINE LEGALE ET EXPERTISES MEDICALES;SNDS IR_SPE_V
PSE_SPE_SNDS;83;MEDECINE D'URGENCE;SNDS IR_SPE_V
PSE_SPE_SNDS;84;MEDECINE VASCULAIRE;SNDS IR_SPE_V
PSE_SPE_SNDS;85;ALLERGOLOGIE;SNDS IR_SPE_V
PSE_SPE_SNDS;9;MEDECINE INTERNE;Lexique Open DAMIR 2015
PSE_SPE_SNDS;99;VALEUR INCONNUE;Lexique Open DAMIR 2015
PSP_SPE_SNDS;0;NON RENSEIGNE;Lexique Open DAMIR 2015
PSP_SPE_SNDS;1;MEDECINE GENERALE;Lexique Open DAMIR 2015
PSP_SPE_SNDS;10;NEUROCHIRURGIE;SNDS IR_SPE_V
PSP_SPE_SNDS;11;OTO RHINO-LARYNGOLOGIE;Lexique Open DAMIR 2015
PSP_SPE_SNDS;12;PEDIATRIE;Lexique Open DAMIR 2015
PSP_SPE_SNDS;13;PNEUMOLOGIE;Lexique Open DAMIR 2015
PSP_SPE_SNDS;14;RHUMATOLOGIE;Lexique Open DAMIR 2015
PSP_SPE_SNDS;15;OPHTALMOLOGIE;Lexique Open DAMIR 2015
PSP_SPE_SNDS;16;CHIRURGIE UROLOGIQUE;SNDS IR_SPE_V
PSP_SPE_SNDS;17;NEUROPSYCHIATRIE;SNDS IR_SPE_V
PSP_SPE_SNDS;18;STOMATOLOGIE;Lexique Open DAMIR 2015
PSP_SPE_SNDS;2;ANESTHESIOLOGIE - REANIMATION;Lexique Open DAMIR 2015
PSP_SPE_SNDS;20;REANIMATION INTENSIVE MEDICALE;SNDS IR_SPE_V
PSP_SPE_SNDS;22;SPECIALISTE EN MEDECINE GENERALE AVEC DIPLÔME;SNDS IR_SPE_V
PSP_SPE_SNDS;23;SPECIALITE EN MED. GENERALE RECONNUE PAR L'ORDRE;SNDS IR_SPE_V
PSP_SPE_SNDS;3;PATHOLOGIE CARDIO-VASCULAIRE;Lexique Open DAMIR 2015
PSP_SPE_SNDS;31;MEDECINE PHYSIQUE ET DE READAPTATION;Lexique Open DAMIR 2015
PSP_SPE_SNDS;32;NEUROLOGIE;Lexique Open DAMIR 2015
PSP_SPE_SNDS;33;PSYCHIATRIE;Lexique Open DAMIR 2015
PSP_SPE_SNDS;34;GERIATRIE;Lexique Open DAMIR 2015
PSP_SPE_SNDS;35;NEPHROLOGIE;Lexique Open DAMIR 2015
PSP_SPE_SNDS;36;CHIRURGIE DENTAIRE (SPECIALISTE O.D.F.);Lexique Open DAMIR 2015
PSP_SPE_SNDS;37;ANATOMIE-CYTOLOGIE-PATHOLOGIQUE;Lexique Open DAMIR 2015
PSP_SPE_SNDS;38;DIRECTEUR LABORATOIRE MEDECIN;Lexique Open DAMIR 2015
PSP_SPE_SNDS;4;CHIRURGIE;Lexique Open DAMIR 2015
PSP_SPE_SNDS;41;CHIRURGIE ORTHOPEDIQUE ET TRAUMATOLOGIE;SNDS IR_SPE_V
PSP_SPE_SNDS;42;ENDOCRINOLOGIE ET METABOLISMES;Lexique Open DAMIR 2015
PSP_SPE_SNDS;43;CHIRURGIE INFANTILE;SNDS IR_SPE_V
PSP_SPE_SNDS;44;CHIRURGIE MAXILLO-FACIALE;SNDS IR_SPE_V
PSP_SPE_SNDS;45;CHIRURGIE MAXILLO-FACIALE ET STOMATOLOGIE;SNDS IR_SPE_V
PSP_SPE_SNDS;46;CHIRURGIE PLASTIQUE RECONSTRUCTRICE ET ESTHETIQUE;SNDS IR_SPE_V
PSP_SPE_SNDS;47;CHIRURGIE THORACIQUE ET CARDIO-VASCULAIRE;SNDS IR_SPE_V
PSP_SPE_SNDS;48;CHIRURGIE VASCULAIRE;SNDS IR_SPE_V
PSP_SPE_SNDS;49;CHIRURGIE VISCERALE ET DIGESTIVE;SNDS IR_SPE_V
PSP_SPE_SNDS;5;DERMATOLOGIE ET VENEROLOGIE;Lexique Open DAMIR 2015
PSP_SPE_SNDS;6;RADIOLOGIE;Lexique Open DAMIR 2015
PSP_SPE_SNDS;69;CHIRURGIE ORALE;SNDS IR_SPE_V
PSP_SPE_SNDS;7;GYNECOLOGIE OBSTETRIQUE;Lexique Open DAMIR 2015
PSP_SPE_SNDS;70;GYNECOLOGIE MEDICALE;SNDS IR_SPE_V
PSP_SPE_SNDS;71;HEMATOLOGIE;SNDS IR_SPE_V
PSP_SPE_SNDS;72;MEDECINE NUCLEAIRE;SNDS IR_SPE_V
PSP_SPE_SNDS;73;ONCOLOGIE MEDICALE;SNDS IR_SPE_V
PSP_SPE_SNDS;74;ONCOLOGIE RADIOTHERAPIQUE;SNDS IR_SPE_V
PSP_SPE_SNDS;75;PSYCHIATRIE DE L ENFANT ET DE L ADOLESCENT;SNDS IR_SPE_V
PSP_SPE_SNDS;76;RADIOTHERAPIE;SNDS IR_SPE_V
PSP_SPE_SNDS;77;OBSTETRIQUE;SNDS IR_SPE_V
PSP_SPE_SNDS;78;GENETIQUE MEDICALE;SNDS IR_SPE_V
PSP_SPE_SNDS;79;GYNECOLOGIE OBSTETRIQUE ET GYNECOLOGIE MEDICALE;SNDS IR_SPE_V
PSP_SPE_SNDS;8;GASTRO-ENTEROLOGIE ET HEPATOLOGIE;Lexique Open DAMIR 2015
PSP_SPE_SNDS;80;SANTE PUBLIQUE ET MEDECINE SOCIALE;Lexique Open DAMIR 2015
PSP_SPE_SNDS;81;MEDECINE DES MALADIES INFECTIEUSES ET TROPICALES;SNDS IR_SPE_V
PSP_SPE_SNDS;82;MEDECINE LEGALE ET EXPERTISES MEDICALES;SNDS IR_SPE_V
PSP_SPE_SNDS;83;MEDECINE D'URGENCE;SNDS IR_SPE_V
PSP_SPE_SNDS;84;MEDECINE VASCULAIRE;SNDS IR_SPE_V
PSP_SPE_SNDS;85;ALLERGOLOGIE;SNDS IR_SPE_V
PSP_SPE_SNDS;9;MEDECINE INTERNE;Lexique Open DAMIR 2015
PSP_SPE_SNDS;99;VALEUR INCONNUE;Lexique Open DAMIR 2015
PSE_ACT_SNDS;0;NON RENSEIGNE;Lexique Open DAMIR 2015
PSE_ACT_SNDS;19;CHIRURGIE DENTAIRE;Lexique Open DAMIR 2015
PSE_ACT_SNDS;21;SAGE-FEMME;Lexique Open DAMIR 2015
PSE_ACT_SNDS;24;INFIRMIER;Lexique Open DAMIR 2015
PSE_ACT_SNDS;25;PSYCHOLOGUE CLINICIEN / PSYCHOTHERAPEUTE;SNDS IR_ACT_V
PSE_ACT_SNDS;26;MASSEUR - KINESITHERAPEUTE;Lexique Open DAMIR 2015
PSE_ACT_SNDS;27;PEDICURE-PODOLOGUE;Lexique Open DAMIR 2015
PSE_ACT_SNDS;28;ORTHOPHONISTE;Lexique Open DAMIR 2015
PSE_ACT_SNDS;29;ORTHOPTISTE;Lexique Open DAMIR 2015
PSE_ACT_SNDS;30;LABORATOIRE;Lexique Open DAMIR 2015
PSE_ACT_SNDS;39;LABORATOIRE POLYVALENT;SNDS IR_ACT_V
PSE_ACT_SNDS;40;LABORATOIRE ANATOMO-PATHOLOGISTE;SNDS IR_ACT_V
PSE_ACT_SNDS;50;PHARMACIE;Lexique Open DAMIR 2015
PSE_ACT_SNDS;51;PHARMACIE MUTUALISTE;SNDS IR_ACT_V
PSE_ACT_SNDS;52;PHARMACIE HOSPITALIERE;SNDS IR_ACT_V
PSE_ACT_SNDS;53;CHIRURGIE DENTAIRE;SNDS IR_ACT_V
PSE_ACT_SNDS;54;CHIRURGIE DENTAIRE;SNDS IR_ACT_V
PSE_ACT_SNDS;55;TRANSPORTEUR;Lexique Open DAMIR 2015
PSE_ACT_SNDS;56;TAXI;SNDS IR_ACT_V
PSE_ACT_SNDS;57;AUTRE TRANSPORTEUR;SNDS IR_ACT_V
PSE_ACT_SNDS;60;FOURNISSEUR;Lexique Open DAMIR 2015
PSE_ACT_SNDS;61;FOURNISSEUR (ARTISAN);SNDS IR_ACT_V
PSE_ACT_SNDS;62;FOURNISSEUR (ASSOCIATION);SNDS IR_ACT_V
PSE_ACT_SNDS;63;FOURNISSEUR (ORTHESES);SNDS IR_ACT_V
PSE_ACT_SNDS;64;FOURNISSEUR (OPTIQUE MEDICALE);SNDS IR_ACT_V
PSE_ACT_SNDS;65;FOURNISSEUR (AUDIOPROTHESES);SNDS IR_ACT_V
PSE_ACT_SNDS;66;FOURNISSEUR (PROTHESES OCULAIRES ET FACIALES);SNDS IR_ACT_V
PSE_ACT_SNDS;67;FOURNISSEUR (PODO-ORTHESES);SNDS IR_ACT_V
PSE_ACT_SNDS;68;FOURNISSEUR (ORTHO-PROTHESES);SNDS IR_ACT_V
PSE_ACT_SNDS;86;INFIRMIER EN PRATIQUE AVANCEE;SNDS IR_ACT_V
PSE_ACT_SNDS;87;ERGOTHERAPEUTE;SNDS IR_ACT_V
PSE_ACT_SNDS;88;PSYCHOMOTRICIEN;SNDS IR_ACT_V
PSE_ACT_SNDS;89;PARCOURS COORDONNES RENFORCES;SNDS IR_ACT_V
PSE_ACT_SNDS;90;ETABLISSEMENT DE SANTE;Lexique Open DAMIR 2015
PSE_ACT_SNDS;99;VALEUR INCONNUE;Lexique Open DAMIR 2015
PSP_ACT_SNDS;0;NON RENSEIGNE;Lexique Open DAMIR 2015
PSP_ACT_SNDS;19;CHIRURGIE DENTAIRE;Lexique Open DAMIR 2015
PSP_ACT_SNDS;21;SAGE-FEMME;Lexique Open DAMIR 2015
PSP_ACT_SNDS;24;INFIRMIER;Lexique Open DAMIR 2015
PSP_ACT_SNDS;25;PSYCHOLOGUE CLINICIEN / PSYCHOTHERAPEUTE;SNDS IR_ACT_V
PSP_ACT_SNDS;26;MASSEUR - KINESITHERAPEUTE;Lexique Open DAMIR 2015
PSP_ACT_SNDS;27;PEDICURE-PODOLOGUE;Lexique Open DAMIR 2015
PSP_ACT_SNDS;28;ORTHOPHONISTE;Lexique Open DAMIR 2015
PSP_ACT_SNDS;29;ORTHOPTISTE;Lexique Open DAMIR 2015
PSP_ACT_SNDS;30;LABORATOIRE;Lexique Open DAMIR 2015
PSP_ACT_SNDS;39;LABORATOIRE POLYVALENT;SNDS IR_ACT_V
PSP_ACT_SNDS;40;LABORATOIRE ANATOMO-PATHOLOGISTE;SNDS IR_ACT_V
PSP_ACT_SNDS;50;PHARMACIE;Lexique Open DAMIR 2015
PSP_ACT_SNDS;51;PHARMACIE MUTUALISTE;SNDS IR_ACT_V
PSP_ACT_SNDS;52;PHARMACIE HOSPITALIERE;SNDS IR_ACT_V
PSP_ACT_SNDS;53;CHIRURGIE DENTAIRE;SNDS IR_ACT_V
PSP_ACT_SNDS;54;CHIRURGIE DENTAIRE;SNDS IR_ACT_V
PSP_ACT_SNDS;55;TRANSPORTEUR;Lexique Open DAMIR 2015
PSP_ACT_SNDS;56;TAXI;SNDS IR_ACT_V
PSP_ACT_SNDS;57;AUTRE TRANSPORTEUR;SNDS IR_ACT_V
PSP_ACT_SNDS;60;FOURNISSEUR;Lexique Open DAMIR 2015
PSP_ACT_SNDS;61;FOURNISSEUR (ARTISAN);SNDS IR_ACT_V
PSP_ACT_SNDS;62;FOURNISSEUR (ASSOCIATION);SNDS IR_ACT_V
PSP_ACT_SNDS;63;FOURNISSEUR (ORTHESES);SNDS IR_ACT_V
PSP_ACT_SNDS;64;FOURNISSEUR (OPTIQUE MEDICALE);SNDS IR_ACT_V
PSP_ACT_SNDS;65;FOURNISSEUR (AUDIOPROTHESES);SNDS IR_ACT_V
PSP_ACT_SNDS;66;FOURNISSEUR (PROTHESES OCULAIRES ET FACIALES);SNDS IR_ACT_V
PSP_ACT_SNDS;67;FOURNISSEUR (PODO-ORTHESES);SNDS IR_ACT_V
PSP_ACT_SNDS;68;FOURNISSEUR (ORTHO-PROTHESES);SNDS IR_ACT_V
PSP_ACT_SNDS;86;INFIRMIER EN PRATIQUE AVANCEE;SNDS IR_ACT_V
PSP_ACT_SNDS;87;ERGOTHERAPEUTE;SNDS IR_ACT_V
PSP_ACT_SNDS;88;PSYCHOMOTRICIEN;SNDS IR_ACT_V
PSP_ACT_SNDS;89;PARCOURS COORDONNES RENFORCES;SNDS IR_ACT_V
PSP_ACT_SNDS;90;ETABLISSEMENT DE SANTE;Lexique Open DAMIR 2015
PSP_ACT_SNDS;99;VALEUR INCONNUE;Lexique Open DAMIR 2015
CPL_COD;0;SANS MAJORATION;Lexique Open DAMIR 2015
CPL_COD;1;MAJORATION DE NUIT;Lexique Open DAMIR 2015
CPL_COD;2;MAJORATION DE DIMANCHE ET JOUR FERIE;Lexique Open DAMIR 2015
CPL_COD;3;MAJORATION D URGENCE;Lexique Open DAMIR 2015
PRS_PDS_QCP;0;SANS OBJET;Lexique Open DAMIR 2015
PRS_PDS_QCP;1;L'EXECUTANT EST LE MEDECIN TRAITANT DECLARE;Lexique Open DAMIR 2015
PRS_PDS_QCP;10;GENERALISTE INSTALLE DEPUIS MOINS DE 5 ANS DANS UNE ZONE DEFICITAIRE;Lexique Open DAMIR 2015
PRS_PDS_QCP;11;CABINET SECONDAIRE DU MEDECIN TRAITANT DECLARE;Lexique Open DAMIR 2015
PRS_PDS_QCP;12;GENERALISTE PRIMO INSTALLE DEPUIS MOINS DE 5 ANS;Lexique Open DAMIR 2015
PRS_PDS_QCP;13;EXCLUSION TEMPORAIRE AVEC MEDECIN TRAITANT DECLARE;Lexique Open DAMIR 2015
PRS_PDS_QCP;2;NOUVEAU MEDECIN TRAITANT DECLARE;Lexique Open DAMIR 2015
PRS_PDS_QCP;22;PARCOURS DE SOINS NON RENSEIGNE PAR EXECUTANT DIFFERENT MEDECIN TRAITANT DECLARE;Lexique Open DAMIR 2015
PRS_PDS_QCP;23;HORS COORDINATION DES SOINS, AVEC MEDECIN TRAITANT DECLARE;Lexique Open DAMIR 2015
PRS_PDS_QCP;24;HORS COORDINATION DES SOINS SANS MEDECIN TRAITANT DECLARE;Lexique Open DAMIR 2015
PRS_PDS_QCP;25;URGENCE SANS MEDECIN TRAITANT DECLARE;Lexique Open DAMIR 2015
PRS_PDS_QCP;26;SPECIALITE HORS ACCES DIRECT AVEC MEDECIN TRAITANT DECLARE;Lexique Open DAMIR 2015
PRS_PDS_QCP;27;EXCLUSION TEMPORAIRE SANS MEDECIN TRAITANT DECLARE;Lexique Open DAMIR 2015
PRS_PDS_QCP;28;ACTES HORS ACCES DIRECT SPECIFIQUE AVEC MEDECIN TRAITANT DECLARE;Lexique Open DAMIR 2015
PRS_PDS_QCP;3;PATIENT ORIENTE PAR UN MT;Lexique Open DAMIR 2015
PRS_PDS_QCP;31;EXCLUS DU PARCOURS DE SOINS;Lexique Open DAMIR 2015
PRS_PDS_QCP;32;EXCLUSION DES BENEFICIAIRES AFFILIES AU REGIME DE LA CSS DE MAYOTTE (976) - REGIME MAHORAIS;Lexique Open DAMIR 2015
PRS_PDS_QCP;33;EXCLUSION DES BENEFICIAIRES DE MOINS DE 16 ANS A LA DATE DES SOINS;Lexique Open DAMIR 2015
PRS_PDS_QCP;4;ACTES EN ACCES DIRECT SPECIFIQUE AVEC MEDECIN TRAITANT DECLARE;Lexique Open DAMIR 2015
PRS_PDS_QCP;5;URGENCE AVEC MEDECIN TRAITANT DECLARE;Lexique Open DAMIR 2015
PRS_PDS_QCP;6;HORS RESIDENCE HABITUELLE;Lexique Open DAMIR 2015
PRS_PDS_QCP;7;MEDECIN TRAITANT REMPLACE AVEC MEDECIN TRAITANT DECLARE;Lexique Open DAMIR 2015
PRS_PDS_QCP;8;ACTE EN RAPPORT AVEC ART. D162.1.6 DU CODE DE LA SS (TABACOLOGIE, ALCOOLOGIE, TOXICOMANIE);Lexique Open DAMIR 2015
PRS_REM_TYP;0;PRESTATION DE REFERENCE;Lexique Open DAMIR 2015
PRS_REM_TYP;1;COMPLEMENT D ACTE;Lexique Open DAMIR 2015
PRS_REM_TYP;2;TICKET MODERATEUR HORS CMU;Lexique Open DAMIR 2015
PRS_REM_TYP;3;SUPPLEMENT HORS ALSACE MOSELLE;Lexique Open DAMIR 2015
PRS_REM_TYP;4;SUPPLEMENT ALSACE MOSELLE;Lexique Open DAMIR 2015
PRS_REM_TYP;5;TICKET MODERATEUR CMU;Lexique Open DAMIR 2015
PRS_REM_TYP;6;FORFAIT CMU;Lexique Open DAMIR 2015
PRS_REM_TYP;99;VALEUR INCONNUE;Lexique Open DAMIR 2015
BEN_QLT_COD;0;Sans objet (n° ANOMYME);Lexique Open DAMIR 2015
BEN_QLT_COD;1;ASSURE;Lexique Open DAMIR 2015
BEN_QLT_COD;2;CONJOINT ET ASSIMILE;Lexique Open DAMIR 2015
BEN_QLT_COD;3;ENFANT;Lexique Open DAMIR 2015
BEN_QLT_COD;4;AUTRE AYANT-DROIT;Lexique Open DAMIR 2015
BEN_QLT_COD;9;VALEUR INCONNUE;Lexique Open DAMIR 2015
BEN_CMU_TOP;0;Non bénéficiaire de la CMU C;Lexique Open DAMIR 2015
BEN_CMU_TOP;1;Bénéficiaire de la CMU C;Lexique Open DAMIR 2015
BEN_CMU_TOP;2;Sans Objet;Lexique Open DAMIR 2015
BEN_CMU_TOP;9;VALEUR INCONNUE;Lexique Open DAMIR 2015
PSE_ACT_CAT;0;ETABLISSEMENT;Lexique Open DAMIR 2015
PSE_ACT_CAT;1;MEDECIN;Lexique Open DAMIR 2015
PSE_ACT_CAT;2;FOURNISSEUR;Lexique Open DAMIR 2015
PSE_ACT_CAT;3;LABORATOIRE;Lexique Open DAMIR 2015
PSE_ACT_CAT;4;DENTISTE (EX : SPECIALISTE O.D.F.);Lexique Open DAMIR 2015
PSE_ACT_CAT;5;SAGE-FEMME;Lexique Open DAMIR 2015
PSE_ACT_CAT;6;INFIRMIER;Lexique Open DAMIR 2015
PSE_ACT_CAT;7;MASSEUR;Lexique Open DAMIR 2015
PSE_ACT_CAT;8;PEDICURE-PODOLOGUE;Lexique Open DAMIR 2015
PSE_ACT_CAT;9;ORTHOPTISTE - ORTHOPHONISTE;Lexique Open DAMIR 2015
PSE_ACT_CAT;99;SANS OBJET;Lexique Open DAMIR 2015
PSP_ACT_CAT;0;ETABLISSEMENT;Lexique Open DAMIR 2015
PSP_ACT_CAT;1;MEDECIN;Lexique Open DAMIR 2015
PSP_ACT_CAT;2;FOURNISSEUR;Lexique Open DAMIR 2015
PSP_ACT_CAT;3;LABORATOIRE;Lexique Open DAMIR 2015
PSP_ACT_CAT;4;DENTISTE (EX : SPECIALISTE O.D.F.);Lexique Open DAMIR 2015
PSP_ACT_CAT;5;SAGE-FEMME;Lexique Open DAMIR 2015
PSP_ACT_CAT;6;INFIRMIER;Lexique Open DAMIR 2015
PSP_ACT_CAT;7;MASSEUR;Lexique Open DAMIR 2015
PSP_ACT_CAT;8;PEDICURE-PODOLOGUE;Lexique Open DAMIR 2015
PSP_ACT_CAT;9;ORTHOPTISTE - ORTHOPHONISTE;Lexique Open DAMIR 2015
PSP_ACT_CAT;99;SANS OBJET;Lexique Open DAMIR 2015
PSE_STJ_SNDS;1;PROFESSIONS LIBERALES;Lexique Open DAMIR 2015
PSE_STJ_SNDS;2;PRATICIENS EXERCANT A TITRE SALARIE;Lexique Open DAMIR 2015
PSE_STJ_SNDS;8;PRATICIENS FICTIFS;Lexique Open DAMIR 2015
PSE_STJ_SNDS;9;VALEUR INCONNUE;Lexique Open DAMIR 2015
PSP_STJ_SNDS;1;PROFESSIONS LIBERALES;Lexique Open DAMIR 2015
PSP_STJ_SNDS;2;PRATICIENS EXERCANT A TITRE SALARIE;Lexique Open DAMIR 2015
PSP_STJ_SNDS;8;PRATICIENS FICTIFS;Lexique Open DAMIR 2015
PSP_STJ_SNDS;9;VALEUR INCONNUE;Lexique Open DAMIR 2015
ETE_TYP_SNDS;1;PUBLIC PROPREMENT DIT;Lexique Open DAMIR 2015
ETE_TYP_SNDS;2;PSPH PRIVE A BUT NON LUCRATIF PARTICIPANT AU SERVICE PUBLIC HOSPITALIER;Lexique Open DAMIR 2015
ETE_TYP_SNDS;3;EX PJP AYANT OPTE POUR LE BG;Lexique Open DAMIR 2015
ETE_TYP_SNDS;4;PRIVE LUCRATIF;Lexique Open DAMIR 2015
ETE_TYP_SNDS;6;PRIVE NON LUCRATIF;Lexique Open DAMIR 2015
ETE_TYP_SNDS;99;VALEUR INCONNUE (pas d'établissement exécutant renseigné);Complément du projet
DDP_SPE_COD;0;SANS OBJET;Lexique Open DAMIR 2015
DDP_SPE_COD;101;PRESTATIONS SANITAIRES AUX PERSONNES AGEES EN ETABLISSEMENT D'HEBERGEMENT;Lexique Open DAMIR 2015
DDP_SPE_COD;102;AUTRES PRESTATIONS AUX PERSONNES AGEES;Lexique Open DAMIR 2015
DDP_SPE_COD;11;MEDECINE GENERALE-PEDIATRIE-URGENCE MEDICALE;Lexique Open DAMIR 2015
DDP_SPE_COD;110;AUTRES PRESTATIONS MEDICO-SOCIALES;Lexique Open DAMIR 2015
DDP_SPE_COD;12;SPECIALITES MEDICALES;Lexique Open DAMIR 2015
DDP_SPE_COD;121;DISCIPLINES INDETERMINEES;Lexique Open DAMIR 2015
DDP_SPE_COD;13;REANIMATION ET SURVEILLANCE CONTINUE;Lexique Open DAMIR 2015
DDP_SPE_COD;14;DIALYSE;Lexique Open DAMIR 2015
DDP_SPE_COD;15;INSUFFISANTS RESPIRATOIRES;Lexique Open DAMIR 2015
DDP_SPE_COD;16;SCANNER-IRMN-TOMOGRAPHIE;Lexique Open DAMIR 2015
DDP_SPE_COD;21;CHIRURGIE GENERALE, INFANTILE ET URGENCE CHIRURGICALE;Lexique Open DAMIR 2015
DDP_SPE_COD;22;SPECIALITES CHIRURGICALES;Lexique Open DAMIR 2015
DDP_SPE_COD;23;REANIMATION ET SURVEILLANCE CONTINUE CHIRURGICALE;Lexique Open DAMIR 2015
DDP_SPE_COD;30;GYNECOLOGIE ET OBSTETRIQUE;Lexique Open DAMIR 2015
DDP_SPE_COD;41;MALADIE A EVOLUTION PROLONGEE;Lexique Open DAMIR 2015
DDP_SPE_COD;42;CONVALESCENCE-REPOS-REGIME-CURE MEDICALE;Lexique Open DAMIR 2015
DDP_SPE_COD;43;REEDUCATION FONCTIONNELLE-READAPTATION;Lexique Open DAMIR 2015
DDP_SPE_COD;44;CURES THERMALES;Lexique Open DAMIR 2015
DDP_SPE_COD;45;POST-CURES POUR ALCOOLIQUES;Lexique Open DAMIR 2015
DDP_SPE_COD;47;CURES MEDICALES POUR ENFANTS;Lexique Open DAMIR 2015
DDP_SPE_COD;48;CURES MEDICALES SPECIALISEES;Lexique Open DAMIR 2015
DDP_SPE_COD;50;LONG SEJOUR POUR PERSONNES AYANT PERDU LEUR AUTONOMIE DE VIE;Lexique Open DAMIR 2015
DDP_SPE_COD;60;LUTTE CONTRE LES MALADIES MENTALES-TOXICOMANIE;Lexique Open DAMIR 2015
DDP_SPE_COD;71;DISCIPLINE TAA;Lexique Open DAMIR 2015
DDP_SPE_COD;72;TAA FORFAIT ANNUEL;Lexique Open DAMIR 2015
DDP_SPE_COD;81;EDUCATION SPECIALE ET PROFESSIONNELLE POUR DEFICIENTS MENTAUX, CARACTERIELS, POLYHANDICAPES ET AUTRES;Lexique Open DAMIR 2015
DDP_SPE_COD;82;EDUCATION SPECIALE POUR DEFICIENTS MOTEURS;Lexique Open DAMIR 2015
DDP_SPE_COD;83;EDUCATION SPECIALE POUR DEFICIENTS SENSORIELS;Lexique Open DAMIR 2015
DDP_SPE_COD;84;ACTION MEDICO-SOCIALE PRECOCE;Lexique Open DAMIR 2015
DDP_SPE_COD;85;PRESTATIONS MEDICO-PEDAGOGIQUES;Lexique Open DAMIR 2015
DDP_SPE_COD;86;AUTRES PRESTATION MEDICO-SOCIALES POUR ENFANCE HANDICAPEE;Lexique Open DAMIR 2015
DDP_SPE_COD;91;REINSERTION, REEDUCATION PROFESSIONNELLE ET PREORIENTATION;Lexique Open DAMIR 2015
DDP_SPE_COD;92;ACCUEIL SPECIALISE;Lexique Open DAMIR 2015
DDP_SPE_COD;93;AUTRES PRESTATIONS MEDICO-SOCIALES POUR ADULTES HANDICAPES;Lexique Open DAMIR 2015
TOP_PS5_TRG;0;HORS PERIMETRE PS5;Complément du projet
TOP_PS5_TRG;1;DANS LE PERIMETRE PS5 TOUS REGIMES;Complément du projet
TOP_PS5_TRG;9;VALEUR INCONNUE;Complément du projet
